-- MySQL dump 10.13  Distrib 8.0.26, for Win64 (x86_64)
--
-- Host: 127.0.0.1    Database: blueolz8_mptfs
-- ------------------------------------------------------
-- Server version	8.0.26

/*!40101 SET @OLD_CHARACTER_SET_CLIENT=@@CHARACTER_SET_CLIENT */;
/*!40101 SET @OLD_CHARACTER_SET_RESULTS=@@CHARACTER_SET_RESULTS */;
/*!40101 SET @OLD_COLLATION_CONNECTION=@@COLLATION_CONNECTION */;
/*!50503 SET NAMES utf8 */;
/*!40103 SET @OLD_TIME_ZONE=@@TIME_ZONE */;
/*!40103 SET TIME_ZONE='+00:00' */;
/*!40014 SET @OLD_UNIQUE_CHECKS=@@UNIQUE_CHECKS, UNIQUE_CHECKS=0 */;
/*!40014 SET @OLD_FOREIGN_KEY_CHECKS=@@FOREIGN_KEY_CHECKS, FOREIGN_KEY_CHECKS=0 */;
/*!40101 SET @OLD_SQL_MODE=@@SQL_MODE, SQL_MODE='NO_AUTO_VALUE_ON_ZERO' */;
/*!40111 SET @OLD_SQL_NOTES=@@SQL_NOTES, SQL_NOTES=0 */;

--
-- Table structure for table `awarenesses`
--

DROP TABLE IF EXISTS `awarenesses`;
/*!40101 SET @saved_cs_client     = @@character_set_client */;
/*!50503 SET character_set_client = utf8mb4 */;
CREATE TABLE `awarenesses` (
  `id` bigint unsigned NOT NULL AUTO_INCREMENT,
  `title` varchar(255) CHARACTER SET utf8mb4 COLLATE utf8mb4_unicode_ci NOT NULL,
  `slug` varchar(255) CHARACTER SET utf8mb4 COLLATE utf8mb4_unicode_ci NOT NULL,
  `date` date DEFAULT NULL,
  `time` time DEFAULT NULL,
  `place` varchar(255) CHARACTER SET utf8mb4 COLLATE utf8mb4_unicode_ci NOT NULL,
  `discription` text CHARACTER SET utf8mb4 COLLATE utf8mb4_unicode_ci NOT NULL,
  `image` varchar(255) CHARACTER SET utf8mb4 COLLATE utf8mb4_unicode_ci NOT NULL,
  `m_image` text CHARACTER SET utf8mb4 COLLATE utf8mb4_unicode_ci,
  `created_at` timestamp NULL DEFAULT NULL,
  `updated_at` timestamp NULL DEFAULT NULL,
  PRIMARY KEY (`id`),
  UNIQUE KEY `awareness_englishes_slug_unique` (`slug`)
) ENGINE=InnoDB AUTO_INCREMENT=12 DEFAULT CHARSET=utf8mb4 COLLATE=utf8mb4_unicode_ci;
/*!40101 SET character_set_client = @saved_cs_client */;

--
-- Dumping data for table `awarenesses`
--

LOCK TABLES `awarenesses` WRITE;
/*!40000 ALTER TABLE `awarenesses` DISABLE KEYS */;
INSERT INTO `awarenesses` VALUES (7,'Covid 19 – Relief Campaign','covid-19-relief-campaign',NULL,NULL,'Bhopal','<p>When Covid &ndash; 19 struck India and sudden lockdown came into effect MPTFS ran a campaign to provide relief, by distributing ration packets, to frontline staff of forest department, daily wagers, guides, drivers and communities living in or near the protected areas of Madhya Pradesh. The campaign helped beneficiaries to fight COVID-19 pandemic by solving problems related to accessing basic ration in the wake of lockdowns, to some extent. Highlights of the campaign-</p>\r\n\r\n<ul>\r\n	<li><strong><em>The society helped around 7350 individuals (frontline staff, daily wagers, families of communities, guides &amp; drivers) in PAs of Madhya Pradesh.</em></strong></li>\r\n	<li><strong><em>A total donation of around 72.5 lacs was raised from April to May 2020</em></strong></li>\r\n	<li><strong><em>More than 400 individuals/organizations contributed in the campaign.</em></strong></li>\r\n</ul>\r\n\r\n<p><strong><em>Rationale of the campaign</em></strong></p>\r\n\r\n<p>When the novel coronavirus (COVID-19) spread across many countries worldwide and was declared as a pandemic,to stop its spread, Government of India declared several lockdowns. Though necessary it still affected all sections of the society as they faced problems related to essential services. The intensity of such problems was relatively higher for frontline staff of forest department, daily wagers, community living in or near Protected Areas (PAs) and guides and drivers (due to their dependency on tourism activities). Front-line staff lives in camps in remote locations inside forests and access their basic needs through local weekly markets in nearby village or town. Due to lockdowns, local markets were not available for their basic needs.</p>\r\n\r\n<p>It was essential that the PA&rsquo;s Management should be working on full staff capacity due to various reasons. Firstly, the risk of incidence of forest fires were high due to summer season. Secondly, wild animals were frequently straying in populated areas which could led to human-wildlife conflict. This was evident around the world amid lockdowns.Further, tourism sector faced maximum brunt due to the pandemic as Tiger reserves and wildlife sanctuaries of Madhya Pradesh are major wildlife tourism destinations in India. The pandemic has also affected the lives drivers, guides, daily wagers etc. due to lockdowns across the country and disruption in tourism activities. They also faced problems related to access to ration, grocery and medical facilities as they are in remote locations.</p>\r\n\r\n<p><strong>MPTFS started a Covid Relief Campaign and &nbsp;categorized it in two phases</strong>. In the first phase, MPTFS addressed the need of access to ration for helping frontline staff and other needy ones by channelizing donation from willing donors towards the Department&rsquo;s Field Offices and Local resource persons such as grocery suppliers. MPTFS played the role of an enabler to bridge the gap between the needy ones and the donors<em>.</em></p>\r\n\r\n<p>In the second phase, MPTFS is addressed the issue of income losses faced by guides and drivers working in tiger reserves/national parks of Madhya Pradesh by raising funds through donations to provide employment to guides and drivers. Under this, park management took up infrastructural works for creating wages-based work opportunities for drivers and guides. This helped guides and drivers in earning livelihood and at the same time create permanent assets for better management.</p>\r\n\r\n<p>In our crusade, we received support from our partner organization, NGOs and individuals. We highly appreciate their contribution towards wildlife conservation in Madhya Pradesh. Their contribution has supported our front-line staff and many families to fight the pandemic. We are grateful for their contribution.</p>','covid-19-relief-campaign-2021-10-29-617be3a868f6d.jpg','2021-10-29-617be3a898feb.jpg,2021-10-29-617be3a917551.jpg,2021-10-29-617be3a97b619.jpeg,2021-10-29-617be3a9c9325.jpeg,2021-10-29-617be3aa12599.jpeg,2021-10-29-617be3aa4469a.jpeg,2021-10-29-617be3aa9469f.jpeg,2021-10-29-617be3aad853c.jpeg,2021-10-29-617be3ab1f487.jpeg,2021-10-29-617be3ab57d05.jpeg','2021-10-29 06:36:03','2021-10-29 06:36:03'),(8,'Bagh Banao Bagh Bachao','bagh-banao-bagh-bachao',NULL,NULL,'Bhopal','<p>With the aim of creating awareness regarding the department&#39;s efforts towards Tiger Conservation with the help of Public Participation and its importance; a unique &quot;Bagh Banao Bagh Bachao&quot; campaign was started by MPTFS. The campaign was strategically executed with careful planning so as the unveiling of final artwork coincides with the &quot;International Tiger Day&quot; on 29th July 2019.</p>\r\n\r\n<p>In this campaign a 26 ft wide by 36 ft height huge Tiger Artwork was created and divided into 96 different pieces. These pieces were then distributed among various cities/towns which were then coloured with the help of more than 50,000 people thereby ensuring public participation and spreading the message of conservation. The gorgeous artwork was unveiled on 29th July 2019 and is displayed at International Airport, Indore.</p>','bagh-banao-bagh-bachao-2021-10-29-617be3ef57738.png','2021-10-29-617be3f03cc31.png','2021-10-29 06:37:13','2021-10-29 06:37:13'),(9,'World Pangolin Day','world-pangolin-day',NULL,NULL,'Bhopal','<p>MP Tiger Foundation Society celebrated the World Pangolin Day on 16&nbsp;Feb 2019. The aim was to create awareness about Pangolin conservation issues among general public and make them understand the importance of this wonderful creation of nature.</p>\r\n\r\n<p>The campaign started with MPTFS mobilizing a team of volunteers who were briefed on how to create awareness through interaction with public, They were given a kit to carry out the activities. The kit consisted of:</p>\r\n\r\n<ul>\r\n	<li>Poster depicting information about Pangolins found across the globe along with their behavioural and physical traits.</li>\r\n	<li>Scale Shaped paper sheets stamped with &quot;Save our Pangolins&quot; pledge to be signed.</li>\r\n	<li>A sticker which was distributed to each signee tohelp spread the message further.</li>\r\n</ul>\r\n\r\n<p>Volunteers visited various schools, colleges, areas of the city where they conversed with people from different sections of society on Pangolin conservation issues, got the pledge signed and distributed the stickers to further spread themessage of conservation.</p>\r\n\r\n<p>On the morning of World Pangolin Day the huge Pangolin sculpture of 32 feet lenght by 7 feet high by 6 feet wide was revealed to general public. The beautiful structure drew attention of children and adults alike and a large number of people came to see the exhibition.</p>\r\n\r\n<p>The efforts of MPTFS of celebrating World Pangolin Day by creating awareness about Pangolin through the gigantic sculpture also helped in setting the record for making the &quot;Largest Pangolin Sculpture&quot; which was certified by India Book of Records on 4&quot; June 2019.</p>','world-pangolin-day-2021-10-29-617be431317e4.png','2021-10-29-617be432e1186.jpg,2021-10-29-617be43a8a8ed.jpg,2021-10-29-617be43f3e712.png','2021-10-29 06:38:32','2021-10-29 06:38:32'),(10,'Bagh Sakha','bagh-sakha',NULL,NULL,'Bhopal','<p>MP Tiger Foundation Society organized a T-Shirt Painting Competition &ldquo;Bagh Sakha (Friends of Tiger)&rdquo; in two different phases across India with the aim of sensitizing common public about the wildlife conservation, issues related to it and encourage them to become active players in conservation of natural heritage.</p>\r\n\r\n<p>First phase was organized at more than 100 locations across India, in which&nbsp; participants from 50 cities of 19 states painted 4000 plus T-shirts which were then distributed amid school students of communities living in Tiger Reserves, National Parks &amp; Sanctuaries of Madhya Pradesh to create a sense of belonging between locals &amp; wildlife.</p>\r\n\r\n<p>Over 500 winners (1st prize, 2nd prize, 3rd prize &amp; consolation prizes) from the first phase were then invited to participate in the second phase. Second phase was organized between 10th September to 7th October, concluding during Wildlife Week 2021 celebration. The winning participants from first phase again painted t-shirts on themes related to only Indian wildlife including mammals, birds, reptiles, amphibians, insects etc.</p>\r\n\r\n<p>The 600 painted T-shirts from the 2nd phase were then used to raise donations for operations of Kanha-Bhoorsingh School and welfare of its students. This school is located near Kanha Tiger Reserve, Madhya Pradesh and offers subsidized or low-cost education for the community children.</p>','bagh-sakha-2021-10-29-617be4840a461.jpeg','2021-10-29-617be4843ff91.jpeg,2021-10-29-617be484ab70d.jpg,2021-10-29-617be4867a0f2.jpeg,2021-10-29-617be486c1696.jpg,2021-10-29-617be4888eb13.jpg','2021-10-29 06:39:46','2021-10-29 06:39:46'),(11,'Close to my Heart','close-to-my-heart',NULL,NULL,'Bhopal','<p>&ldquo;Close to my Heart&rdquo; campaign signifies keeping wildlife close to one&rsquo;s heart. This campaign is serving the dual objective of spreading awareness about the Wildlife Heritage of Madhya Pradesh as well as appealing to common public to contribute for wildlife conservation through donation and develop sense of ownership towards them.</p>\r\n\r\n<p>The &ldquo;I Love Wildlife&rdquo; campaign is intended to involve individuals who wish to join hands for wildlife conservation and are willing to join for the cause. This campaign uses modern digital payment technique to receive contributions which are utilized for wildlife guard&rsquo;s welfare related activities and wildlife conservation in Madhya Pradesh.</p>','close-to-my-heart-2021-10-29-617be4e42554e.png','2021-10-29-617be4e4e9f51.jpg,2021-10-29-617be4e607ba9.png,2021-10-29-617be4e6b0b02.jpg','2021-10-29 06:41:19','2021-10-29 06:41:19');
/*!40000 ALTER TABLE `awarenesses` ENABLE KEYS */;
UNLOCK TABLES;

--
-- Table structure for table `categories`
--

DROP TABLE IF EXISTS `categories`;
/*!40101 SET @saved_cs_client     = @@character_set_client */;
/*!50503 SET character_set_client = utf8mb4 */;
CREATE TABLE `categories` (
  `id` bigint unsigned NOT NULL AUTO_INCREMENT,
  `name` varchar(255) CHARACTER SET utf8mb4 COLLATE utf8mb4_unicode_ci NOT NULL,
  `slug` varchar(255) CHARACTER SET utf8mb4 COLLATE utf8mb4_unicode_ci NOT NULL,
  `image` varchar(255) CHARACTER SET utf8mb4 COLLATE utf8mb4_unicode_ci NOT NULL DEFAULT 'default.png',
  `created_at` timestamp NULL DEFAULT NULL,
  `updated_at` timestamp NULL DEFAULT NULL,
  PRIMARY KEY (`id`)
) ENGINE=InnoDB AUTO_INCREMENT=8 DEFAULT CHARSET=utf8mb4 COLLATE=utf8mb4_unicode_ci;
/*!40101 SET character_set_client = @saved_cs_client */;

--
-- Dumping data for table `categories`
--

LOCK TABLES `categories` WRITE;
/*!40000 ALTER TABLE `categories` DISABLE KEYS */;
INSERT INTO `categories` VALUES (6,'Tiger','tiger','tiger-2021-10-30-617cf412e101a.jpg','2021-10-30 01:58:20','2021-10-30 01:58:20'),(7,'Conservation','conservation','conservation-2021-10-30-617cf42513298.jpg','2021-10-30 01:58:38','2021-10-30 01:58:38');
/*!40000 ALTER TABLE `categories` ENABLE KEYS */;
UNLOCK TABLES;

--
-- Table structure for table `category_post`
--

DROP TABLE IF EXISTS `category_post`;
/*!40101 SET @saved_cs_client     = @@character_set_client */;
/*!50503 SET character_set_client = utf8mb4 */;
CREATE TABLE `category_post` (
  `id` bigint unsigned NOT NULL AUTO_INCREMENT,
  `post_id` int NOT NULL,
  `category_id` int NOT NULL,
  `created_at` timestamp NULL DEFAULT NULL,
  `updated_at` timestamp NULL DEFAULT NULL,
  PRIMARY KEY (`id`)
) ENGINE=InnoDB AUTO_INCREMENT=79 DEFAULT CHARSET=utf8mb4 COLLATE=utf8mb4_unicode_ci;
/*!40101 SET character_set_client = @saved_cs_client */;

--
-- Dumping data for table `category_post`
--

LOCK TABLES `category_post` WRITE;
/*!40000 ALTER TABLE `category_post` DISABLE KEYS */;
INSERT INTO `category_post` VALUES (54,1,6,'2021-10-30 02:04:03','2021-10-30 02:04:03'),(78,4,7,'2022-03-15 18:24:39','2022-03-15 18:24:39');
/*!40000 ALTER TABLE `category_post` ENABLE KEYS */;
UNLOCK TABLES;

--
-- Table structure for table `comments`
--

DROP TABLE IF EXISTS `comments`;
/*!40101 SET @saved_cs_client     = @@character_set_client */;
/*!50503 SET character_set_client = utf8mb4 */;
CREATE TABLE `comments` (
  `id` bigint unsigned NOT NULL AUTO_INCREMENT,
  `post_id` bigint unsigned NOT NULL,
  `user_id` bigint unsigned NOT NULL,
  `comment` text CHARACTER SET utf8mb4 COLLATE utf8mb4_unicode_ci NOT NULL,
  `created_at` timestamp NULL DEFAULT NULL,
  `updated_at` timestamp NULL DEFAULT NULL,
  PRIMARY KEY (`id`),
  KEY `comments_post_id_foreign` (`post_id`),
  KEY `comments_user_id_foreign` (`user_id`),
  CONSTRAINT `comments_post_id_foreign` FOREIGN KEY (`post_id`) REFERENCES `posts` (`id`) ON DELETE CASCADE,
  CONSTRAINT `comments_user_id_foreign` FOREIGN KEY (`user_id`) REFERENCES `users` (`id`) ON DELETE CASCADE
) ENGINE=InnoDB DEFAULT CHARSET=utf8mb4 COLLATE=utf8mb4_unicode_ci;
/*!40101 SET character_set_client = @saved_cs_client */;

--
-- Dumping data for table `comments`
--

LOCK TABLES `comments` WRITE;
/*!40000 ALTER TABLE `comments` DISABLE KEYS */;
/*!40000 ALTER TABLE `comments` ENABLE KEYS */;
UNLOCK TABLES;

--
-- Table structure for table `download_categories`
--

DROP TABLE IF EXISTS `download_categories`;
/*!40101 SET @saved_cs_client     = @@character_set_client */;
/*!50503 SET character_set_client = utf8mb4 */;
CREATE TABLE `download_categories` (
  `id` bigint unsigned NOT NULL AUTO_INCREMENT,
  `name` varchar(255) CHARACTER SET utf8mb4 COLLATE utf8mb4_unicode_ci NOT NULL,
  `slug` varchar(255) CHARACTER SET utf8mb4 COLLATE utf8mb4_unicode_ci NOT NULL,
  `image` varchar(255) CHARACTER SET utf8mb4 COLLATE utf8mb4_unicode_ci NOT NULL DEFAULT 'default.png',
  `created_at` timestamp NULL DEFAULT NULL,
  `updated_at` timestamp NULL DEFAULT NULL,
  PRIMARY KEY (`id`)
) ENGINE=InnoDB AUTO_INCREMENT=3 DEFAULT CHARSET=utf8mb4 COLLATE=utf8mb4_unicode_ci;
/*!40101 SET character_set_client = @saved_cs_client */;

--
-- Dumping data for table `download_categories`
--

LOCK TABLES `download_categories` WRITE;
/*!40000 ALTER TABLE `download_categories` DISABLE KEYS */;
INSERT INTO `download_categories` VALUES (1,'Documents','documents','documents-2022-03-16-62318bfa36989.jpg','2022-03-14 10:30:15','2022-03-16 07:04:26'),(2,'Caricatures','caricatures','caricatures-2022-03-16-62318b0121805.jpg','2022-03-14 23:28:54','2022-03-16 07:00:17');
/*!40000 ALTER TABLE `download_categories` ENABLE KEYS */;
UNLOCK TABLES;

--
-- Table structure for table `download_download_category`
--

DROP TABLE IF EXISTS `download_download_category`;
/*!40101 SET @saved_cs_client     = @@character_set_client */;
/*!50503 SET character_set_client = utf8mb4 */;
CREATE TABLE `download_download_category` (
  `id` bigint unsigned NOT NULL AUTO_INCREMENT,
  `download_category_id` int NOT NULL,
  `download_id` int NOT NULL,
  `created_at` timestamp NULL DEFAULT NULL,
  `updated_at` timestamp NULL DEFAULT NULL,
  PRIMARY KEY (`id`)
) ENGINE=InnoDB AUTO_INCREMENT=61 DEFAULT CHARSET=utf8mb4 COLLATE=utf8mb4_unicode_ci;
/*!40101 SET character_set_client = @saved_cs_client */;

--
-- Dumping data for table `download_download_category`
--

LOCK TABLES `download_download_category` WRITE;
/*!40000 ALTER TABLE `download_download_category` DISABLE KEYS */;
INSERT INTO `download_download_category` VALUES (4,1,145,'2022-03-14 23:44:28','2022-03-14 23:44:28'),(14,2,151,'2022-03-16 07:11:13','2022-03-16 07:11:13'),(15,2,152,'2022-03-16 07:11:13','2022-03-16 07:11:13'),(16,2,153,'2022-03-16 07:11:13','2022-03-16 07:11:13'),(17,2,154,'2022-03-16 07:11:13','2022-03-16 07:11:13'),(18,2,155,'2022-03-16 07:11:52','2022-03-16 07:11:52'),(19,2,156,'2022-03-16 07:11:52','2022-03-16 07:11:52'),(20,2,157,'2022-03-16 07:11:52','2022-03-16 07:11:52'),(21,2,158,'2022-03-16 07:11:52','2022-03-16 07:11:52'),(22,2,159,'2022-03-16 07:12:36','2022-03-16 07:12:36'),(23,2,160,'2022-03-16 07:12:36','2022-03-16 07:12:36'),(24,2,161,'2022-03-16 07:12:36','2022-03-16 07:12:36'),(25,2,162,'2022-03-16 07:12:36','2022-03-16 07:12:36'),(26,2,163,'2022-03-16 07:12:50','2022-03-16 07:12:50'),(27,2,164,'2022-03-16 07:12:50','2022-03-16 07:12:50'),(29,2,166,'2022-03-16 07:12:50','2022-03-16 07:12:50'),(30,2,167,'2022-03-16 07:13:08','2022-03-16 07:13:08'),(31,2,168,'2022-03-16 07:13:34','2022-03-16 07:13:34'),(32,2,169,'2022-03-16 07:13:34','2022-03-16 07:13:34'),(33,2,170,'2022-03-16 07:13:34','2022-03-16 07:13:34'),(34,2,171,'2022-03-16 07:13:34','2022-03-16 07:13:34'),(35,2,172,'2022-03-16 07:13:51','2022-03-16 07:13:51'),(36,2,173,'2022-03-16 07:13:51','2022-03-16 07:13:51'),(37,2,174,'2022-03-16 07:13:51','2022-03-16 07:13:51'),(38,2,175,'2022-03-16 07:13:51','2022-03-16 07:13:51'),(39,2,176,'2022-03-16 07:14:06','2022-03-16 07:14:06'),(40,2,177,'2022-03-16 07:14:06','2022-03-16 07:14:06'),(41,2,178,'2022-03-16 07:14:06','2022-03-16 07:14:06'),(42,2,179,'2022-03-16 07:14:06','2022-03-16 07:14:06'),(43,2,180,'2022-03-16 07:14:25','2022-03-16 07:14:25'),(44,2,181,'2022-03-16 07:14:25','2022-03-16 07:14:25'),(45,2,182,'2022-03-16 07:14:25','2022-03-16 07:14:25'),(46,2,183,'2022-03-16 07:14:25','2022-03-16 07:14:25'),(47,2,184,'2022-03-16 07:14:41','2022-03-16 07:14:41'),(48,2,185,'2022-03-16 07:14:41','2022-03-16 07:14:41'),(49,2,186,'2022-03-16 07:14:41','2022-03-16 07:14:41'),(50,2,187,'2022-03-16 07:14:41','2022-03-16 07:14:41'),(51,2,188,'2022-03-16 07:14:58','2022-03-16 07:14:58'),(52,2,189,'2022-03-16 07:14:58','2022-03-16 07:14:58'),(53,2,190,'2022-03-16 07:14:58','2022-03-16 07:14:58'),(54,2,191,'2022-03-16 07:14:58','2022-03-16 07:14:58'),(55,2,192,'2022-03-16 07:15:16','2022-03-16 07:15:16'),(56,2,193,'2022-03-16 07:15:16','2022-03-16 07:15:16'),(57,2,194,'2022-03-16 07:15:16','2022-03-16 07:15:16'),(58,2,195,'2022-03-16 07:15:16','2022-03-16 07:15:16'),(59,2,196,'2022-03-16 07:15:28','2022-03-16 07:15:28'),(60,2,197,'2022-03-16 07:15:28','2022-03-16 07:15:28');
/*!40000 ALTER TABLE `download_download_category` ENABLE KEYS */;
UNLOCK TABLES;

--
-- Table structure for table `downloads`
--

DROP TABLE IF EXISTS `downloads`;
/*!40101 SET @saved_cs_client     = @@character_set_client */;
/*!50503 SET character_set_client = utf8mb4 */;
CREATE TABLE `downloads` (
  `id` bigint unsigned NOT NULL AUTO_INCREMENT,
  `user_id` bigint unsigned NOT NULL,
  `original_filename` varchar(255) CHARACTER SET utf8mb4 COLLATE utf8mb4_unicode_ci NOT NULL,
  `filename` varchar(255) CHARACTER SET utf8mb4 COLLATE utf8mb4_unicode_ci NOT NULL,
  `file_size` bigint NOT NULL,
  `created_at` timestamp NULL DEFAULT NULL,
  `updated_at` timestamp NULL DEFAULT NULL,
  PRIMARY KEY (`id`),
  KEY `downloads_user_id_foreign_idx` (`user_id`)
) ENGINE=InnoDB AUTO_INCREMENT=198 DEFAULT CHARSET=utf8mb4 COLLATE=utf8mb4_unicode_ci;
/*!40101 SET character_set_client = @saved_cs_client */;

--
-- Dumping data for table `downloads`
--

LOCK TABLES `downloads` WRITE;
/*!40000 ALTER TABLE `downloads` DISABLE KEYS */;
INSERT INTO `downloads` VALUES (151,12,'Albele-Ajoobe.jpg','Albele-Ajoobe.jpg',627684,'2022-03-16 07:11:13','2022-03-16 07:11:13'),(152,12,'Alexandarine-Parakeet.jpg','Alexandarine-Parakeet.jpg',212959,'2022-03-16 07:11:13','2022-03-16 07:11:13'),(153,12,'Barasingha.jpg','Barasingha.jpg',265721,'2022-03-16 07:11:13','2022-03-16 07:11:13'),(154,12,'Barking-Deer.jpg','Barking-Deer.jpg',205159,'2022-03-16 07:11:13','2022-03-16 07:11:13'),(155,12,'Bengal-Monitor.jpg','Bengal-Monitor.jpg',235154,'2022-03-16 07:11:52','2022-03-16 07:11:52'),(156,12,'Blackbuck.jpg','Blackbuck.jpg',177239,'2022-03-16 07:11:52','2022-03-16 07:11:52'),(157,12,'Black-shouldered-kite.jpg','Black-shouldered-kite.jpg',253068,'2022-03-16 07:11:52','2022-03-16 07:11:52'),(158,12,'Blue-Bull.jpg','Blue-Bull.jpg',235393,'2022-03-16 07:11:52','2022-03-16 07:11:52'),(159,12,'Blue-Tiger.jpg','Blue-Tiger.jpg',225883,'2022-03-16 07:12:36','2022-03-16 07:12:36'),(160,12,'Chausingha.jpg','Chausingha.jpg',233617,'2022-03-16 07:12:36','2022-03-16 07:12:36'),(161,12,'Cheetal.jpg','Cheetal.jpg',194117,'2022-03-16 07:12:36','2022-03-16 07:12:36'),(162,12,'Cobra.jpg','Cobra.jpg',231732,'2022-03-16 07:12:36','2022-03-16 07:12:36'),(163,12,'Common-BlueBottle.jpg','Common-BlueBottle.jpg',192762,'2022-03-16 07:12:50','2022-03-16 07:12:50'),(164,12,'Coppersmith-Barbet.jpg','Coppersmith-Barbet.jpg',207238,'2022-03-16 07:12:50','2022-03-16 07:12:50'),(166,12,'Fox.jpg','Fox.jpg',203904,'2022-03-16 07:12:50','2022-03-16 07:12:50'),(167,12,'Gaur-Indian-Bison.jpg','Gaur-Indian-Bison.jpg',200084,'2022-03-16 07:13:08','2022-03-16 07:13:08'),(168,12,'Gharial.jpg','Gharial.jpg',214435,'2022-03-16 07:13:34','2022-03-16 07:13:34'),(169,12,'Greater-Coucal.jpg','Greater-Coucal.jpg',192091,'2022-03-16 07:13:34','2022-03-16 07:13:34'),(170,12,'Himalayan-Griffon.jpg','Himalayan-Griffon.jpg',205207,'2022-03-16 07:13:34','2022-03-16 07:13:34'),(171,12,'Honey-Badger.jpg','Honey-Badger.jpg',196739,'2022-03-16 07:13:34','2022-03-16 07:13:34'),(172,12,'Indian-Pangolin.jpg','Indian-Pangolin.jpg',192044,'2022-03-16 07:13:51','2022-03-16 07:13:51'),(173,12,'Indian-Pitta.jpg','Indian-Pitta.jpg',186937,'2022-03-16 07:13:51','2022-03-16 07:13:51'),(174,12,'Indian-Striped-Hyena.jpg','Indian-Striped-Hyena.jpg',197604,'2022-03-16 07:13:51','2022-03-16 07:13:51'),(175,12,'Indian-Wild-Dog.jpg','Indian-Wild-Dog.jpg',187430,'2022-03-16 07:13:51','2022-03-16 07:13:51'),(176,12,'JAckal.jpg','JAckal.jpg',200734,'2022-03-16 07:14:06','2022-03-16 07:14:06'),(177,12,'Jungle-Cat.jpg','Jungle-Cat.jpg',203130,'2022-03-16 07:14:06','2022-03-16 07:14:06'),(178,12,'Jungle-Ki-Billiyan.jpg','Jungle-Ki-Billiyan.jpg',369731,'2022-03-16 07:14:06','2022-03-16 07:14:06'),(179,12,'Langur.jpg','Langur.jpg',197692,'2022-03-16 07:14:06','2022-03-16 07:14:06'),(180,12,'Leopard.jpg','Leopard.jpg',204867,'2022-03-16 07:14:25','2022-03-16 07:14:25'),(181,12,'Moon-Moth.jpg','Moon-Moth.jpg',187500,'2022-03-16 07:14:25','2022-03-16 07:14:25'),(182,12,'Mouse-Deer.jpg','Mouse-Deer.jpg',196795,'2022-03-16 07:14:25','2022-03-16 07:14:25'),(183,12,'Oak-butterfly.jpg','Oak-butterfly.jpg',201826,'2022-03-16 07:14:25','2022-03-16 07:14:25'),(184,12,'Palm-Civet.jpg','Palm-Civet.jpg',203639,'2022-03-16 07:14:41','2022-03-16 07:14:41'),(185,12,'Paradise-Flycatcher.jpg','Paradise-Flycatcher.jpg',195006,'2022-03-16 07:14:41','2022-03-16 07:14:41'),(186,12,'Plain-Tiger.jpg','Plain-Tiger.jpg',185352,'2022-03-16 07:14:41','2022-03-16 07:14:41'),(187,12,'Porcupine.jpg','Porcupine.jpg',213441,'2022-03-16 07:14:41','2022-03-16 07:14:41'),(188,12,'Rhesus-mac.jpg','Rhesus-mac.jpg',202941,'2022-03-16 07:14:58','2022-03-16 07:14:58'),(189,12,'Rusty-Spotted-Cat.jpg','Rusty-Spotted-Cat.jpg',205245,'2022-03-16 07:14:58','2022-03-16 07:14:58'),(190,12,'Sloth-Bear.jpg','Sloth-Bear.jpg',197162,'2022-03-16 07:14:58','2022-03-16 07:14:58'),(191,12,'Sonkutta-aur-Saathi.jpg','Sonkutta-aur-Saathi.jpg',514189,'2022-03-16 07:14:58','2022-03-16 07:14:58'),(192,12,'Tiger.jpg','Tiger.jpg',204727,'2022-03-16 07:15:16','2022-03-16 07:15:16'),(193,12,'Tigers-of-MP.jpg','Tigers-of-MP.jpg',677102,'2022-03-16 07:15:16','2022-03-16 07:15:16'),(194,12,'Ungulates-of-MP.jpg','Ungulates-of-MP.jpg',354922,'2022-03-16 07:15:16','2022-03-16 07:15:16'),(195,12,'White-Throated-Kingfisher.jpg','White-Throated-Kingfisher.jpg',203423,'2022-03-16 07:15:16','2022-03-16 07:15:16'),(196,12,'Wildboar.jpg','Wildboar.jpg',191161,'2022-03-16 07:15:28','2022-03-16 07:15:28'),(197,12,'Wolf.jpg','Wolf.jpg',202884,'2022-03-16 07:15:28','2022-03-16 07:15:28');
/*!40000 ALTER TABLE `downloads` ENABLE KEYS */;
UNLOCK TABLES;

--
-- Table structure for table `events`
--

DROP TABLE IF EXISTS `events`;
/*!40101 SET @saved_cs_client     = @@character_set_client */;
/*!50503 SET character_set_client = utf8mb4 */;
CREATE TABLE `events` (
  `id` bigint unsigned NOT NULL AUTO_INCREMENT,
  `title` varchar(255) CHARACTER SET utf8mb4 COLLATE utf8mb4_unicode_ci NOT NULL,
  `slug` varchar(255) CHARACTER SET utf8mb4 COLLATE utf8mb4_unicode_ci NOT NULL,
  `date` date NOT NULL,
  `time` time DEFAULT NULL,
  `place` varchar(100) CHARACTER SET utf8mb4 COLLATE utf8mb4_unicode_ci DEFAULT NULL,
  `discription` text CHARACTER SET utf8mb4 COLLATE utf8mb4_unicode_ci NOT NULL,
  `image` varchar(255) CHARACTER SET utf8mb4 COLLATE utf8mb4_unicode_ci NOT NULL,
  `m_image` varchar(255) CHARACTER SET utf8mb4 COLLATE utf8mb4_unicode_ci DEFAULT NULL,
  `created_at` timestamp NULL DEFAULT NULL,
  `updated_at` timestamp NULL DEFAULT NULL,
  PRIMARY KEY (`id`),
  UNIQUE KEY `slug` (`slug`)
) ENGINE=InnoDB AUTO_INCREMENT=18 DEFAULT CHARSET=utf8mb4 COLLATE=utf8mb4_unicode_ci;
/*!40101 SET character_set_client = @saved_cs_client */;

--
-- Dumping data for table `events`
--

LOCK TABLES `events` WRITE;
/*!40000 ALTER TABLE `events` DISABLE KEYS */;
INSERT INTO `events` VALUES (17,'Bagh Sakha','bagh-sakha','2021-06-24','01:53:00','Bhopal','<p style=\"text-align:center\"><span style=\"font-size:20px\"><strong>बाघ सखा प्रतियोगिता में रजिस्ट्रेशन करने की प्रक्रिया</strong></span></p>\r\n\r\n<p>यह बाघ सखा कार्यक्रम में भाग लेने के लिए रजिस्ट्रेशन की लिंक है</p>\r\n\r\n<ul>\r\n	<li><a href=\"https://www.bit.ly/baghsakha\" target=\"_blank\">https://www.bit.ly/baghsakha</a></li>\r\n</ul>\r\n\r\n<p>वे प्रतिभागी जो इस गतिविधि / टी-शर्ट पेंटिंग प्रतियोगिता में भाग लेना चाहते हैं उन्हें इस लिंक पर क्लिक करने की आवश्यकता है। क्लिक करने के बाद इक पेज ओपन हो जायेगा जो अगले फोटो में है</p>\r\n\r\n<p>प्रतिभागी को इस फॉर्म में , नीचे दिए हुए तरीके से एंट्री करनी पड़ेगी:</p>\r\n\r\n<p style=\"margin-left:40px\">Step 1) Name कॉलम / ड्राप डाउन में अपना पूरा नाम भर दें&nbsp;</p>\r\n\r\n<p style=\"margin-left:40px\">Step 2) E-mail कॉलम / ड्राप डाउन में ईमेल आई डी भर दें |&nbsp;<br />\r\nध्यान दें की इ मेल एकदम सही भरा गया है क्यूंकि इसी मेल पर आपके रजिस्ट्रेशन होने का मेल आएगा&nbsp;</p>\r\n\r\n<p style=\"margin-left:40px\">Step 3) Address कॉलम / ड्राप डाउन में एड्रेस भर दें&nbsp;</p>\r\n\r\n<p style=\"margin-left:40px\">Step 4) Phone कॉलम / ड्राप डाउन में फ़ोन नंबर (मोबाइल हो तो ज्यादा अच्छा) भरें</p>\r\n\r\n<p style=\"margin-left:40px\">Step 5) &nbsp;जहाँ यह प्रशन पुछा गया है &ldquo;Are you a student studying in Class 8th to Class 12th (for session Apr 2021 - Mar 2022) ?&rdquo; , तो उस कॉलम में अगर आप कक्षा 8 वीं से 12 वीं के छात्र/ छात्रा हैं तो &ldquo;हाँ&rdquo; भरें अन्यथा &ldquo;ना&rdquo; भर दें &nbsp;</p>\r\n\r\n<p style=\"margin-left:40px\">Step 6) City वाले कॉलम / ड्राप डाउन में &quot;Kota&quot; का चयन करें&nbsp;</p>\r\n\r\n<p style=\"margin-left:40px\">Step 7) Place वाले कॉलम/ड्राप डाउन में &quot; Shubh Atlantis &quot; का चयन करें&nbsp;</p>\r\n\r\n<p style=\"margin-left:40px\">Step 8) Date वाले कॉलम / ड्राप डाउन में &quot;13-06-2021&quot; का चयन करें, उसके बाद&nbsp;</p>\r\n\r\n<p style=\"margin-left:40px\">Step 9) Slot वाले कॉलम / ड्राप डाउन में &quot;Day 1&rdquo; Slot का चयन करें</p>\r\n\r\n<ul>\r\n	<li>फिलहाल हमारे सिस्टम में edit करने का आप्शन नहीं है इसीलिए अपनी सभी details एक बार में सही सही भरें और सबमिट करने से पहले फिर से चेक कर लें&nbsp;</li>\r\n	<li>केवल एक ही बार सबमिट करें , आपको &ldquo;details submitted successfully&rdquo; का मेसेज वही स्क्रीन पे ही दिख जायेगा और आपके द्वारा दिए गए मेल पे एक रजिस्ट्रेशन कन्फर्मेशन मेल भी आएगा &nbsp;(रजिस्ट्रेशन का ईमेल नहीं मिलने पे चिंता न करें और दुबारा रजिस्ट्रेशन करने से पूर्व हमें बता दें , हम server से चेक करके कन्फर्म कर देंगे की आपका रजिस्ट्रेशन हुआ है या नहीं)</li>\r\n	<li>किसी भी confusion को स्थिति में हमें संपर्क करें</li>\r\n</ul>','bagh-sakha-2021-06-24-60d4411db0e33.jpeg','default.png','2021-06-24 02:53:58','2021-11-12 00:59:13');
/*!40000 ALTER TABLE `events` ENABLE KEYS */;
UNLOCK TABLES;

--
-- Table structure for table `failed_jobs`
--

DROP TABLE IF EXISTS `failed_jobs`;
/*!40101 SET @saved_cs_client     = @@character_set_client */;
/*!50503 SET character_set_client = utf8mb4 */;
CREATE TABLE `failed_jobs` (
  `id` bigint unsigned NOT NULL AUTO_INCREMENT,
  `uuid` varchar(255) CHARACTER SET utf8mb4 COLLATE utf8mb4_unicode_ci NOT NULL,
  `connection` text CHARACTER SET utf8mb4 COLLATE utf8mb4_unicode_ci NOT NULL,
  `queue` text CHARACTER SET utf8mb4 COLLATE utf8mb4_unicode_ci NOT NULL,
  `payload` longtext CHARACTER SET utf8mb4 COLLATE utf8mb4_unicode_ci NOT NULL,
  `exception` longtext CHARACTER SET utf8mb4 COLLATE utf8mb4_unicode_ci NOT NULL,
  `failed_at` timestamp NOT NULL DEFAULT CURRENT_TIMESTAMP,
  PRIMARY KEY (`id`),
  UNIQUE KEY `failed_jobs_uuid_unique` (`uuid`)
) ENGINE=InnoDB AUTO_INCREMENT=3 DEFAULT CHARSET=utf8mb4 COLLATE=utf8mb4_unicode_ci;
/*!40101 SET character_set_client = @saved_cs_client */;

--
-- Dumping data for table `failed_jobs`
--

LOCK TABLES `failed_jobs` WRITE;
/*!40000 ALTER TABLE `failed_jobs` DISABLE KEYS */;
INSERT INTO `failed_jobs` VALUES (1,'cf0444e6-91c8-4150-b1d3-cff868f0c111','database','default','{\"uuid\":\"cf0444e6-91c8-4150-b1d3-cff868f0c111\",\"displayName\":\"App\\\\Notifications\\\\AuthorPostApproved\",\"job\":\"Illuminate\\\\Queue\\\\CallQueuedHandler@call\",\"maxTries\":null,\"maxExceptions\":null,\"backoff\":\"\",\"timeout\":null,\"retryUntil\":null,\"data\":{\"commandName\":\"Illuminate\\\\Notifications\\\\SendQueuedNotifications\",\"command\":\"O:48:\\\"Illuminate\\\\Notifications\\\\SendQueuedNotifications\\\":14:{s:11:\\\"notifiables\\\";O:45:\\\"Illuminate\\\\Contracts\\\\Database\\\\ModelIdentifier\\\":4:{s:5:\\\"class\\\";s:15:\\\"App\\\\Models\\\\User\\\";s:2:\\\"id\\\";a:1:{i:0;i:3;}s:9:\\\"relations\\\";a:0:{}s:10:\\\"connection\\\";s:5:\\\"mysql\\\";}s:12:\\\"notification\\\";O:36:\\\"App\\\\Notifications\\\\AuthorPostApproved\\\":11:{s:4:\\\"post\\\";O:45:\\\"Illuminate\\\\Contracts\\\\Database\\\\ModelIdentifier\\\":4:{s:5:\\\"class\\\";s:15:\\\"App\\\\Models\\\\Post\\\";s:2:\\\"id\\\";i:11;s:9:\\\"relations\\\";a:1:{i:0;s:4:\\\"user\\\";}s:10:\\\"connection\\\";s:5:\\\"mysql\\\";}s:2:\\\"id\\\";s:36:\\\"9ef8531d-792f-4ed6-8d19-9cf8f4b3340f\\\";s:6:\\\"locale\\\";N;s:10:\\\"connection\\\";N;s:5:\\\"queue\\\";N;s:15:\\\"chainConnection\\\";N;s:10:\\\"chainQueue\\\";N;s:19:\\\"chainCatchCallbacks\\\";N;s:5:\\\"delay\\\";N;s:10:\\\"middleware\\\";a:0:{}s:7:\\\"chained\\\";a:0:{}}s:8:\\\"channels\\\";a:1:{i:0;s:4:\\\"mail\\\";}s:5:\\\"tries\\\";N;s:7:\\\"timeout\\\";N;s:3:\\\"job\\\";N;s:10:\\\"connection\\\";N;s:5:\\\"queue\\\";N;s:15:\\\"chainConnection\\\";N;s:10:\\\"chainQueue\\\";N;s:19:\\\"chainCatchCallbacks\\\";N;s:5:\\\"delay\\\";N;s:10:\\\"middleware\\\";a:0:{}s:7:\\\"chained\\\";a:0:{}}\"}}','ErrorException: htmlspecialchars() expects parameter 1 to be string, array given in C:\\xampp\\htdocs\\mptigerfoundation.org\\vendor\\laravel\\framework\\src\\Illuminate\\Support\\helpers.php:118\nStack trace:\n#0 [internal function]: Illuminate\\Foundation\\Bootstrap\\HandleExceptions->handleError(2, \'htmlspecialchar...\', \'C:\\\\xampp\\\\htdocs...\', 118, Array)\n#1 C:\\xampp\\htdocs\\mptigerfoundation.org\\vendor\\laravel\\framework\\src\\Illuminate\\Support\\helpers.php(118): htmlspecialchars(Array, 3, \'UTF-8\', true)\n#2 C:\\xampp\\htdocs\\mptigerfoundation.org\\storage\\framework\\views\\5b51d9da112e7c6adfe4d7b8424284577f1e59ca.php(10): e(Array)\n#3 C:\\xampp\\htdocs\\mptigerfoundation.org\\vendor\\laravel\\framework\\src\\Illuminate\\Filesystem\\Filesystem.php(107): require(\'C:\\\\xampp\\\\htdocs...\')\n#4 C:\\xampp\\htdocs\\mptigerfoundation.org\\vendor\\laravel\\framework\\src\\Illuminate\\Filesystem\\Filesystem.php(108): Illuminate\\Filesystem\\Filesystem::Illuminate\\Filesystem\\{closure}()\n#5 C:\\xampp\\htdocs\\mptigerfoundation.org\\vendor\\laravel\\framework\\src\\Illuminate\\View\\Engines\\PhpEngine.php(58): Illuminate\\Filesystem\\Filesystem->getRequire(\'C:\\\\xampp\\\\htdocs...\', Array)\n#6 C:\\xampp\\htdocs\\mptigerfoundation.org\\vendor\\laravel\\framework\\src\\Illuminate\\View\\Engines\\CompilerEngine.php(61): Illuminate\\View\\Engines\\PhpEngine->evaluatePath(\'C:\\\\xampp\\\\htdocs...\', Array)\n#7 C:\\xampp\\htdocs\\mptigerfoundation.org\\vendor\\facade\\ignition\\src\\Views\\Engines\\CompilerEngine.php(37): Illuminate\\View\\Engines\\CompilerEngine->get(\'C:\\\\xampp\\\\htdocs...\', Array)\n#8 C:\\xampp\\htdocs\\mptigerfoundation.org\\vendor\\laravel\\framework\\src\\Illuminate\\View\\View.php(139): Facade\\Ignition\\Views\\Engines\\CompilerEngine->get(\'C:\\\\xampp\\\\htdocs...\', Array)\n#9 C:\\xampp\\htdocs\\mptigerfoundation.org\\vendor\\laravel\\framework\\src\\Illuminate\\View\\View.php(122): Illuminate\\View\\View->getContents()\n#10 C:\\xampp\\htdocs\\mptigerfoundation.org\\vendor\\laravel\\framework\\src\\Illuminate\\View\\View.php(91): Illuminate\\View\\View->renderContents()\n#11 C:\\xampp\\htdocs\\mptigerfoundation.org\\vendor\\laravel\\framework\\src\\Illuminate\\View\\Concerns\\ManagesComponents.php(96): Illuminate\\View\\View->render()\n#12 C:\\xampp\\htdocs\\mptigerfoundation.org\\storage\\framework\\views\\7ed8bd8536d9efeee857b9c1f84a220a2107fe45.php(40): Illuminate\\View\\Factory->renderComponent()\n#13 C:\\xampp\\htdocs\\mptigerfoundation.org\\vendor\\laravel\\framework\\src\\Illuminate\\Filesystem\\Filesystem.php(107): require(\'C:\\\\xampp\\\\htdocs...\')\n#14 C:\\xampp\\htdocs\\mptigerfoundation.org\\vendor\\laravel\\framework\\src\\Illuminate\\Filesystem\\Filesystem.php(108): Illuminate\\Filesystem\\Filesystem::Illuminate\\Filesystem\\{closure}()\n#15 C:\\xampp\\htdocs\\mptigerfoundation.org\\vendor\\laravel\\framework\\src\\Illuminate\\View\\Engines\\PhpEngine.php(58): Illuminate\\Filesystem\\Filesystem->getRequire(\'C:\\\\xampp\\\\htdocs...\', Array)\n#16 C:\\xampp\\htdocs\\mptigerfoundation.org\\vendor\\laravel\\framework\\src\\Illuminate\\View\\Engines\\CompilerEngine.php(61): Illuminate\\View\\Engines\\PhpEngine->evaluatePath(\'C:\\\\xampp\\\\htdocs...\', Array)\n#17 C:\\xampp\\htdocs\\mptigerfoundation.org\\vendor\\facade\\ignition\\src\\Views\\Engines\\CompilerEngine.php(37): Illuminate\\View\\Engines\\CompilerEngine->get(\'C:\\\\xampp\\\\htdocs...\', Array)\n#18 C:\\xampp\\htdocs\\mptigerfoundation.org\\vendor\\laravel\\framework\\src\\Illuminate\\View\\View.php(139): Facade\\Ignition\\Views\\Engines\\CompilerEngine->get(\'C:\\\\xampp\\\\htdocs...\', Array)\n#19 C:\\xampp\\htdocs\\mptigerfoundation.org\\vendor\\laravel\\framework\\src\\Illuminate\\View\\View.php(122): Illuminate\\View\\View->getContents()\n#20 C:\\xampp\\htdocs\\mptigerfoundation.org\\vendor\\laravel\\framework\\src\\Illuminate\\View\\View.php(91): Illuminate\\View\\View->renderContents()\n#21 C:\\xampp\\htdocs\\mptigerfoundation.org\\vendor\\laravel\\framework\\src\\Illuminate\\Mail\\Markdown.php(64): Illuminate\\View\\View->render()\n#22 C:\\xampp\\htdocs\\mptigerfoundation.org\\vendor\\laravel\\framework\\src\\Illuminate\\Notifications\\Channels\\MailChannel.php(101): Illuminate\\Mail\\Markdown->render(\'notifications::...\', Array)\n#23 C:\\xampp\\htdocs\\mptigerfoundation.org\\vendor\\laravel\\framework\\src\\Illuminate\\Notifications\\Channels\\MailChannel.php(63): Illuminate\\Notifications\\Channels\\MailChannel->buildView(Object(Illuminate\\Notifications\\Messages\\MailMessage))\n#24 C:\\xampp\\htdocs\\mptigerfoundation.org\\vendor\\laravel\\framework\\src\\Illuminate\\Notifications\\NotificationSender.php(148): Illuminate\\Notifications\\Channels\\MailChannel->send(Object(App\\Models\\User), Object(App\\Notifications\\AuthorPostApproved))\n#25 C:\\xampp\\htdocs\\mptigerfoundation.org\\vendor\\laravel\\framework\\src\\Illuminate\\Notifications\\NotificationSender.php(106): Illuminate\\Notifications\\NotificationSender->sendToNotifiable(Object(App\\Models\\User), \'6bfe4390-e171-4...\', Object(App\\Notifications\\AuthorPostApproved), \'mail\')\n#26 C:\\xampp\\htdocs\\mptigerfoundation.org\\vendor\\laravel\\framework\\src\\Illuminate\\Support\\Traits\\Localizable.php(19): Illuminate\\Notifications\\NotificationSender->Illuminate\\Notifications\\{closure}()\n#27 C:\\xampp\\htdocs\\mptigerfoundation.org\\vendor\\laravel\\framework\\src\\Illuminate\\Notifications\\NotificationSender.php(109): Illuminate\\Notifications\\NotificationSender->withLocale(NULL, Object(Closure))\n#28 C:\\xampp\\htdocs\\mptigerfoundation.org\\vendor\\laravel\\framework\\src\\Illuminate\\Notifications\\ChannelManager.php(54): Illuminate\\Notifications\\NotificationSender->sendNow(Object(Illuminate\\Database\\Eloquent\\Collection), Object(App\\Notifications\\AuthorPostApproved), Array)\n#29 C:\\xampp\\htdocs\\mptigerfoundation.org\\vendor\\laravel\\framework\\src\\Illuminate\\Notifications\\SendQueuedNotifications.php(94): Illuminate\\Notifications\\ChannelManager->sendNow(Object(Illuminate\\Database\\Eloquent\\Collection), Object(App\\Notifications\\AuthorPostApproved), Array)\n#30 C:\\xampp\\htdocs\\mptigerfoundation.org\\vendor\\laravel\\framework\\src\\Illuminate\\Container\\BoundMethod.php(36): Illuminate\\Notifications\\SendQueuedNotifications->handle(Object(Illuminate\\Notifications\\ChannelManager))\n#31 C:\\xampp\\htdocs\\mptigerfoundation.org\\vendor\\laravel\\framework\\src\\Illuminate\\Container\\Util.php(40): Illuminate\\Container\\BoundMethod::Illuminate\\Container\\{closure}()\n#32 C:\\xampp\\htdocs\\mptigerfoundation.org\\vendor\\laravel\\framework\\src\\Illuminate\\Container\\BoundMethod.php(93): Illuminate\\Container\\Util::unwrapIfClosure(Object(Closure))\n#33 C:\\xampp\\htdocs\\mptigerfoundation.org\\vendor\\laravel\\framework\\src\\Illuminate\\Container\\BoundMethod.php(37): Illuminate\\Container\\BoundMethod::callBoundMethod(Object(Illuminate\\Foundation\\Application), Array, Object(Closure))\n#34 C:\\xampp\\htdocs\\mptigerfoundation.org\\vendor\\laravel\\framework\\src\\Illuminate\\Container\\Container.php(596): Illuminate\\Container\\BoundMethod::call(Object(Illuminate\\Foundation\\Application), Array, Array, NULL)\n#35 C:\\xampp\\htdocs\\mptigerfoundation.org\\vendor\\laravel\\framework\\src\\Illuminate\\Bus\\Dispatcher.php(128): Illuminate\\Container\\Container->call(Array)\n#36 C:\\xampp\\htdocs\\mptigerfoundation.org\\vendor\\laravel\\framework\\src\\Illuminate\\Pipeline\\Pipeline.php(128): Illuminate\\Bus\\Dispatcher->Illuminate\\Bus\\{closure}(Object(Illuminate\\Notifications\\SendQueuedNotifications))\n#37 C:\\xampp\\htdocs\\mptigerfoundation.org\\vendor\\laravel\\framework\\src\\Illuminate\\Pipeline\\Pipeline.php(103): Illuminate\\Pipeline\\Pipeline->Illuminate\\Pipeline\\{closure}(Object(Illuminate\\Notifications\\SendQueuedNotifications))\n#38 C:\\xampp\\htdocs\\mptigerfoundation.org\\vendor\\laravel\\framework\\src\\Illuminate\\Bus\\Dispatcher.php(132): Illuminate\\Pipeline\\Pipeline->then(Object(Closure))\n#39 C:\\xampp\\htdocs\\mptigerfoundation.org\\vendor\\laravel\\framework\\src\\Illuminate\\Queue\\CallQueuedHandler.php(85): Illuminate\\Bus\\Dispatcher->dispatchNow(Object(Illuminate\\Notifications\\SendQueuedNotifications), false)\n#40 C:\\xampp\\htdocs\\mptigerfoundation.org\\vendor\\laravel\\framework\\src\\Illuminate\\Pipeline\\Pipeline.php(128): Illuminate\\Queue\\CallQueuedHandler->Illuminate\\Queue\\{closure}(Object(Illuminate\\Notifications\\SendQueuedNotifications))\n#41 C:\\xampp\\htdocs\\mptigerfoundation.org\\vendor\\laravel\\framework\\src\\Illuminate\\Pipeline\\Pipeline.php(103): Illuminate\\Pipeline\\Pipeline->Illuminate\\Pipeline\\{closure}(Object(Illuminate\\Notifications\\SendQueuedNotifications))\n#42 C:\\xampp\\htdocs\\mptigerfoundation.org\\vendor\\laravel\\framework\\src\\Illuminate\\Queue\\CallQueuedHandler.php(87): Illuminate\\Pipeline\\Pipeline->then(Object(Closure))\n#43 C:\\xampp\\htdocs\\mptigerfoundation.org\\vendor\\laravel\\framework\\src\\Illuminate\\Queue\\CallQueuedHandler.php(60): Illuminate\\Queue\\CallQueuedHandler->dispatchThroughMiddleware(Object(Illuminate\\Queue\\Jobs\\DatabaseJob), Object(Illuminate\\Notifications\\SendQueuedNotifications))\n#44 C:\\xampp\\htdocs\\mptigerfoundation.org\\vendor\\laravel\\framework\\src\\Illuminate\\Queue\\Jobs\\Job.php(98): Illuminate\\Queue\\CallQueuedHandler->call(Object(Illuminate\\Queue\\Jobs\\DatabaseJob), Array)\n#45 C:\\xampp\\htdocs\\mptigerfoundation.org\\vendor\\laravel\\framework\\src\\Illuminate\\Queue\\Worker.php(406): Illuminate\\Queue\\Jobs\\Job->fire()\n#46 C:\\xampp\\htdocs\\mptigerfoundation.org\\vendor\\laravel\\framework\\src\\Illuminate\\Queue\\Worker.php(356): Illuminate\\Queue\\Worker->process(\'database\', Object(Illuminate\\Queue\\Jobs\\DatabaseJob), Object(Illuminate\\Queue\\WorkerOptions))\n#47 C:\\xampp\\htdocs\\mptigerfoundation.org\\vendor\\laravel\\framework\\src\\Illuminate\\Queue\\Worker.php(158): Illuminate\\Queue\\Worker->runJob(Object(Illuminate\\Queue\\Jobs\\DatabaseJob), \'database\', Object(Illuminate\\Queue\\WorkerOptions))\n#48 C:\\xampp\\htdocs\\mptigerfoundation.org\\vendor\\laravel\\framework\\src\\Illuminate\\Queue\\Console\\WorkCommand.php(116): Illuminate\\Queue\\Worker->daemon(\'database\', \'default\', Object(Illuminate\\Queue\\WorkerOptions))\n#49 C:\\xampp\\htdocs\\mptigerfoundation.org\\vendor\\laravel\\framework\\src\\Illuminate\\Queue\\Console\\WorkCommand.php(100): Illuminate\\Queue\\Console\\WorkCommand->runWorker(\'database\', \'default\')\n#50 C:\\xampp\\htdocs\\mptigerfoundation.org\\vendor\\laravel\\framework\\src\\Illuminate\\Container\\BoundMethod.php(36): Illuminate\\Queue\\Console\\WorkCommand->handle()\n#51 C:\\xampp\\htdocs\\mptigerfoundation.org\\vendor\\laravel\\framework\\src\\Illuminate\\Container\\Util.php(40): Illuminate\\Container\\BoundMethod::Illuminate\\Container\\{closure}()\n#52 C:\\xampp\\htdocs\\mptigerfoundation.org\\vendor\\laravel\\framework\\src\\Illuminate\\Container\\BoundMethod.php(93): Illuminate\\Container\\Util::unwrapIfClosure(Object(Closure))\n#53 C:\\xampp\\htdocs\\mptigerfoundation.org\\vendor\\laravel\\framework\\src\\Illuminate\\Container\\BoundMethod.php(37): Illuminate\\Container\\BoundMethod::callBoundMethod(Object(Illuminate\\Foundation\\Application), Array, Object(Closure))\n#54 C:\\xampp\\htdocs\\mptigerfoundation.org\\vendor\\laravel\\framework\\src\\Illuminate\\Container\\Container.php(596): Illuminate\\Container\\BoundMethod::call(Object(Illuminate\\Foundation\\Application), Array, Array, NULL)\n#55 C:\\xampp\\htdocs\\mptigerfoundation.org\\vendor\\laravel\\framework\\src\\Illuminate\\Console\\Command.php(136): Illuminate\\Container\\Container->call(Array)\n#56 C:\\xampp\\htdocs\\mptigerfoundation.org\\vendor\\symfony\\console\\Command\\Command.php(258): Illuminate\\Console\\Command->execute(Object(Symfony\\Component\\Console\\Input\\ArgvInput), Object(Illuminate\\Console\\OutputStyle))\n#57 C:\\xampp\\htdocs\\mptigerfoundation.org\\vendor\\laravel\\framework\\src\\Illuminate\\Console\\Command.php(121): Symfony\\Component\\Console\\Command\\Command->run(Object(Symfony\\Component\\Console\\Input\\ArgvInput), Object(Illuminate\\Console\\OutputStyle))\n#58 C:\\xampp\\htdocs\\mptigerfoundation.org\\vendor\\symfony\\console\\Application.php(920): Illuminate\\Console\\Command->run(Object(Symfony\\Component\\Console\\Input\\ArgvInput), Object(Symfony\\Component\\Console\\Output\\ConsoleOutput))\n#59 C:\\xampp\\htdocs\\mptigerfoundation.org\\vendor\\symfony\\console\\Application.php(266): Symfony\\Component\\Console\\Application->doRunCommand(Object(Illuminate\\Queue\\Console\\WorkCommand), Object(Symfony\\Component\\Console\\Input\\ArgvInput), Object(Symfony\\Component\\Console\\Output\\ConsoleOutput))\n#60 C:\\xampp\\htdocs\\mptigerfoundation.org\\vendor\\symfony\\console\\Application.php(142): Symfony\\Component\\Console\\Application->doRun(Object(Symfony\\Component\\Console\\Input\\ArgvInput), Object(Symfony\\Component\\Console\\Output\\ConsoleOutput))\n#61 C:\\xampp\\htdocs\\mptigerfoundation.org\\vendor\\laravel\\framework\\src\\Illuminate\\Console\\Application.php(93): Symfony\\Component\\Console\\Application->run(Object(Symfony\\Component\\Console\\Input\\ArgvInput), Object(Symfony\\Component\\Console\\Output\\ConsoleOutput))\n#62 C:\\xampp\\htdocs\\mptigerfoundation.org\\vendor\\laravel\\framework\\src\\Illuminate\\Foundation\\Console\\Kernel.php(129): Illuminate\\Console\\Application->run(Object(Symfony\\Component\\Console\\Input\\ArgvInput), Object(Symfony\\Component\\Console\\Output\\ConsoleOutput))\n#63 C:\\xampp\\htdocs\\mptigerfoundation.org\\artisan(37): Illuminate\\Foundation\\Console\\Kernel->handle(Object(Symfony\\Component\\Console\\Input\\ArgvInput), Object(Symfony\\Component\\Console\\Output\\ConsoleOutput))\n#64 {main}\n\nNext Facade\\Ignition\\Exceptions\\ViewException: htmlspecialchars() expects parameter 1 to be string, array given (View: C:\\xampp\\htdocs\\mptigerfoundation.org\\vendor\\laravel\\framework\\src\\Illuminate\\Mail\\resources\\views\\html\\button.blade.php) in C:\\xampp\\htdocs\\mptigerfoundation.org\\vendor\\laravel\\framework\\src\\Illuminate\\Support\\helpers.php:118\nStack trace:\n#0 [internal function]: Illuminate\\Foundation\\Bootstrap\\HandleExceptions->handleError(2, \'htmlspecialchar...\', \'C:\\\\xampp\\\\htdocs...\', 118, Array)\n#1 C:\\xampp\\htdocs\\mptigerfoundation.org\\vendor\\laravel\\framework\\src\\Illuminate\\Support\\helpers.php(118): htmlspecialchars(Array, 3, \'UTF-8\', true)\n#2 C:\\xampp\\htdocs\\mptigerfoundation.org\\vendor\\laravel\\framework\\src\\Illuminate\\Mail/resources/views/html/button.blade.php(10): e(Array)\n#3 C:\\xampp\\htdocs\\mptigerfoundation.org\\vendor\\laravel\\framework\\src\\Illuminate\\Filesystem\\Filesystem.php(107): require(\'C:\\\\xampp\\\\htdocs...\')\n#4 C:\\xampp\\htdocs\\mptigerfoundation.org\\vendor\\laravel\\framework\\src\\Illuminate\\Filesystem\\Filesystem.php(108): Illuminate\\Filesystem\\Filesystem::Illuminate\\Filesystem\\{closure}()\n#5 C:\\xampp\\htdocs\\mptigerfoundation.org\\vendor\\laravel\\framework\\src\\Illuminate\\View\\Engines\\PhpEngine.php(58): Illuminate\\Filesystem\\Filesystem->getRequire(\'C:\\\\xampp\\\\htdocs...\', Array)\n#6 C:\\xampp\\htdocs\\mptigerfoundation.org\\vendor\\laravel\\framework\\src\\Illuminate\\View\\Engines\\CompilerEngine.php(61): Illuminate\\View\\Engines\\PhpEngine->evaluatePath(\'C:\\\\xampp\\\\htdocs...\', Array)\n#7 C:\\xampp\\htdocs\\mptigerfoundation.org\\vendor\\facade\\ignition\\src\\Views\\Engines\\CompilerEngine.php(37): Illuminate\\View\\Engines\\CompilerEngine->get(\'C:\\\\xampp\\\\htdocs...\', Array)\n#8 C:\\xampp\\htdocs\\mptigerfoundation.org\\vendor\\laravel\\framework\\src\\Illuminate\\View\\View.php(139): Facade\\Ignition\\Views\\Engines\\CompilerEngine->get(\'C:\\\\xampp\\\\htdocs...\', Array)\n#9 C:\\xampp\\htdocs\\mptigerfoundation.org\\vendor\\laravel\\framework\\src\\Illuminate\\View\\View.php(122): Illuminate\\View\\View->getContents()\n#10 C:\\xampp\\htdocs\\mptigerfoundation.org\\vendor\\laravel\\framework\\src\\Illuminate\\View\\View.php(91): Illuminate\\View\\View->renderContents()\n#11 C:\\xampp\\htdocs\\mptigerfoundation.org\\vendor\\laravel\\framework\\src\\Illuminate\\View\\Concerns\\ManagesComponents.php(96): Illuminate\\View\\View->render()\n#12 C:\\xampp\\htdocs\\mptigerfoundation.org\\vendor\\laravel\\framework\\src\\Illuminate\\Notifications/resources/views/email.blade.php(40): Illuminate\\View\\Factory->renderComponent()\n#13 C:\\xampp\\htdocs\\mptigerfoundation.org\\vendor\\laravel\\framework\\src\\Illuminate\\Filesystem\\Filesystem.php(107): require(\'C:\\\\xampp\\\\htdocs...\')\n#14 C:\\xampp\\htdocs\\mptigerfoundation.org\\vendor\\laravel\\framework\\src\\Illuminate\\Filesystem\\Filesystem.php(108): Illuminate\\Filesystem\\Filesystem::Illuminate\\Filesystem\\{closure}()\n#15 C:\\xampp\\htdocs\\mptigerfoundation.org\\vendor\\laravel\\framework\\src\\Illuminate\\View\\Engines\\PhpEngine.php(58): Illuminate\\Filesystem\\Filesystem->getRequire(\'C:\\\\xampp\\\\htdocs...\', Array)\n#16 C:\\xampp\\htdocs\\mptigerfoundation.org\\vendor\\laravel\\framework\\src\\Illuminate\\View\\Engines\\CompilerEngine.php(61): Illuminate\\View\\Engines\\PhpEngine->evaluatePath(\'C:\\\\xampp\\\\htdocs...\', Array)\n#17 C:\\xampp\\htdocs\\mptigerfoundation.org\\vendor\\facade\\ignition\\src\\Views\\Engines\\CompilerEngine.php(37): Illuminate\\View\\Engines\\CompilerEngine->get(\'C:\\\\xampp\\\\htdocs...\', Array)\n#18 C:\\xampp\\htdocs\\mptigerfoundation.org\\vendor\\laravel\\framework\\src\\Illuminate\\View\\View.php(139): Facade\\Ignition\\Views\\Engines\\CompilerEngine->get(\'C:\\\\xampp\\\\htdocs...\', Array)\n#19 C:\\xampp\\htdocs\\mptigerfoundation.org\\vendor\\laravel\\framework\\src\\Illuminate\\View\\View.php(122): Illuminate\\View\\View->getContents()\n#20 C:\\xampp\\htdocs\\mptigerfoundation.org\\vendor\\laravel\\framework\\src\\Illuminate\\View\\View.php(91): Illuminate\\View\\View->renderContents()\n#21 C:\\xampp\\htdocs\\mptigerfoundation.org\\vendor\\laravel\\framework\\src\\Illuminate\\Mail\\Markdown.php(64): Illuminate\\View\\View->render()\n#22 C:\\xampp\\htdocs\\mptigerfoundation.org\\vendor\\laravel\\framework\\src\\Illuminate\\Notifications\\Channels\\MailChannel.php(101): Illuminate\\Mail\\Markdown->render(\'notifications::...\', Array)\n#23 C:\\xampp\\htdocs\\mptigerfoundation.org\\vendor\\laravel\\framework\\src\\Illuminate\\Notifications\\Channels\\MailChannel.php(63): Illuminate\\Notifications\\Channels\\MailChannel->buildView(Object(Illuminate\\Notifications\\Messages\\MailMessage))\n#24 C:\\xampp\\htdocs\\mptigerfoundation.org\\vendor\\laravel\\framework\\src\\Illuminate\\Notifications\\NotificationSender.php(148): Illuminate\\Notifications\\Channels\\MailChannel->send(Object(App\\Models\\User), Object(App\\Notifications\\AuthorPostApproved))\n#25 C:\\xampp\\htdocs\\mptigerfoundation.org\\vendor\\laravel\\framework\\src\\Illuminate\\Notifications\\NotificationSender.php(106): Illuminate\\Notifications\\NotificationSender->sendToNotifiable(Object(App\\Models\\User), \'6bfe4390-e171-4...\', Object(App\\Notifications\\AuthorPostApproved), \'mail\')\n#26 C:\\xampp\\htdocs\\mptigerfoundation.org\\vendor\\laravel\\framework\\src\\Illuminate\\Support\\Traits\\Localizable.php(19): Illuminate\\Notifications\\NotificationSender->Illuminate\\Notifications\\{closure}()\n#27 C:\\xampp\\htdocs\\mptigerfoundation.org\\vendor\\laravel\\framework\\src\\Illuminate\\Notifications\\NotificationSender.php(109): Illuminate\\Notifications\\NotificationSender->withLocale(NULL, Object(Closure))\n#28 C:\\xampp\\htdocs\\mptigerfoundation.org\\vendor\\laravel\\framework\\src\\Illuminate\\Notifications\\ChannelManager.php(54): Illuminate\\Notifications\\NotificationSender->sendNow(Object(Illuminate\\Database\\Eloquent\\Collection), Object(App\\Notifications\\AuthorPostApproved), Array)\n#29 C:\\xampp\\htdocs\\mptigerfoundation.org\\vendor\\laravel\\framework\\src\\Illuminate\\Notifications\\SendQueuedNotifications.php(94): Illuminate\\Notifications\\ChannelManager->sendNow(Object(Illuminate\\Database\\Eloquent\\Collection), Object(App\\Notifications\\AuthorPostApproved), Array)\n#30 C:\\xampp\\htdocs\\mptigerfoundation.org\\vendor\\laravel\\framework\\src\\Illuminate\\Container\\BoundMethod.php(36): Illuminate\\Notifications\\SendQueuedNotifications->handle(Object(Illuminate\\Notifications\\ChannelManager))\n#31 C:\\xampp\\htdocs\\mptigerfoundation.org\\vendor\\laravel\\framework\\src\\Illuminate\\Container\\Util.php(40): Illuminate\\Container\\BoundMethod::Illuminate\\Container\\{closure}()\n#32 C:\\xampp\\htdocs\\mptigerfoundation.org\\vendor\\laravel\\framework\\src\\Illuminate\\Container\\BoundMethod.php(93): Illuminate\\Container\\Util::unwrapIfClosure(Object(Closure))\n#33 C:\\xampp\\htdocs\\mptigerfoundation.org\\vendor\\laravel\\framework\\src\\Illuminate\\Container\\BoundMethod.php(37): Illuminate\\Container\\BoundMethod::callBoundMethod(Object(Illuminate\\Foundation\\Application), Array, Object(Closure))\n#34 C:\\xampp\\htdocs\\mptigerfoundation.org\\vendor\\laravel\\framework\\src\\Illuminate\\Container\\Container.php(596): Illuminate\\Container\\BoundMethod::call(Object(Illuminate\\Foundation\\Application), Array, Array, NULL)\n#35 C:\\xampp\\htdocs\\mptigerfoundation.org\\vendor\\laravel\\framework\\src\\Illuminate\\Bus\\Dispatcher.php(128): Illuminate\\Container\\Container->call(Array)\n#36 C:\\xampp\\htdocs\\mptigerfoundation.org\\vendor\\laravel\\framework\\src\\Illuminate\\Pipeline\\Pipeline.php(128): Illuminate\\Bus\\Dispatcher->Illuminate\\Bus\\{closure}(Object(Illuminate\\Notifications\\SendQueuedNotifications))\n#37 C:\\xampp\\htdocs\\mptigerfoundation.org\\vendor\\laravel\\framework\\src\\Illuminate\\Pipeline\\Pipeline.php(103): Illuminate\\Pipeline\\Pipeline->Illuminate\\Pipeline\\{closure}(Object(Illuminate\\Notifications\\SendQueuedNotifications))\n#38 C:\\xampp\\htdocs\\mptigerfoundation.org\\vendor\\laravel\\framework\\src\\Illuminate\\Bus\\Dispatcher.php(132): Illuminate\\Pipeline\\Pipeline->then(Object(Closure))\n#39 C:\\xampp\\htdocs\\mptigerfoundation.org\\vendor\\laravel\\framework\\src\\Illuminate\\Queue\\CallQueuedHandler.php(85): Illuminate\\Bus\\Dispatcher->dispatchNow(Object(Illuminate\\Notifications\\SendQueuedNotifications), false)\n#40 C:\\xampp\\htdocs\\mptigerfoundation.org\\vendor\\laravel\\framework\\src\\Illuminate\\Pipeline\\Pipeline.php(128): Illuminate\\Queue\\CallQueuedHandler->Illuminate\\Queue\\{closure}(Object(Illuminate\\Notifications\\SendQueuedNotifications))\n#41 C:\\xampp\\htdocs\\mptigerfoundation.org\\vendor\\laravel\\framework\\src\\Illuminate\\Pipeline\\Pipeline.php(103): Illuminate\\Pipeline\\Pipeline->Illuminate\\Pipeline\\{closure}(Object(Illuminate\\Notifications\\SendQueuedNotifications))\n#42 C:\\xampp\\htdocs\\mptigerfoundation.org\\vendor\\laravel\\framework\\src\\Illuminate\\Queue\\CallQueuedHandler.php(87): Illuminate\\Pipeline\\Pipeline->then(Object(Closure))\n#43 C:\\xampp\\htdocs\\mptigerfoundation.org\\vendor\\laravel\\framework\\src\\Illuminate\\Queue\\CallQueuedHandler.php(60): Illuminate\\Queue\\CallQueuedHandler->dispatchThroughMiddleware(Object(Illuminate\\Queue\\Jobs\\DatabaseJob), Object(Illuminate\\Notifications\\SendQueuedNotifications))\n#44 C:\\xampp\\htdocs\\mptigerfoundation.org\\vendor\\laravel\\framework\\src\\Illuminate\\Queue\\Jobs\\Job.php(98): Illuminate\\Queue\\CallQueuedHandler->call(Object(Illuminate\\Queue\\Jobs\\DatabaseJob), Array)\n#45 C:\\xampp\\htdocs\\mptigerfoundation.org\\vendor\\laravel\\framework\\src\\Illuminate\\Queue\\Worker.php(406): Illuminate\\Queue\\Jobs\\Job->fire()\n#46 C:\\xampp\\htdocs\\mptigerfoundation.org\\vendor\\laravel\\framework\\src\\Illuminate\\Queue\\Worker.php(356): Illuminate\\Queue\\Worker->process(\'database\', Object(Illuminate\\Queue\\Jobs\\DatabaseJob), Object(Illuminate\\Queue\\WorkerOptions))\n#47 C:\\xampp\\htdocs\\mptigerfoundation.org\\vendor\\laravel\\framework\\src\\Illuminate\\Queue\\Worker.php(158): Illuminate\\Queue\\Worker->runJob(Object(Illuminate\\Queue\\Jobs\\DatabaseJob), \'database\', Object(Illuminate\\Queue\\WorkerOptions))\n#48 C:\\xampp\\htdocs\\mptigerfoundation.org\\vendor\\laravel\\framework\\src\\Illuminate\\Queue\\Console\\WorkCommand.php(116): Illuminate\\Queue\\Worker->daemon(\'database\', \'default\', Object(Illuminate\\Queue\\WorkerOptions))\n#49 C:\\xampp\\htdocs\\mptigerfoundation.org\\vendor\\laravel\\framework\\src\\Illuminate\\Queue\\Console\\WorkCommand.php(100): Illuminate\\Queue\\Console\\WorkCommand->runWorker(\'database\', \'default\')\n#50 C:\\xampp\\htdocs\\mptigerfoundation.org\\vendor\\laravel\\framework\\src\\Illuminate\\Container\\BoundMethod.php(36): Illuminate\\Queue\\Console\\WorkCommand->handle()\n#51 C:\\xampp\\htdocs\\mptigerfoundation.org\\vendor\\laravel\\framework\\src\\Illuminate\\Container\\Util.php(40): Illuminate\\Container\\BoundMethod::Illuminate\\Container\\{closure}()\n#52 C:\\xampp\\htdocs\\mptigerfoundation.org\\vendor\\laravel\\framework\\src\\Illuminate\\Container\\BoundMethod.php(93): Illuminate\\Container\\Util::unwrapIfClosure(Object(Closure))\n#53 C:\\xampp\\htdocs\\mptigerfoundation.org\\vendor\\laravel\\framework\\src\\Illuminate\\Container\\BoundMethod.php(37): Illuminate\\Container\\BoundMethod::callBoundMethod(Object(Illuminate\\Foundation\\Application), Array, Object(Closure))\n#54 C:\\xampp\\htdocs\\mptigerfoundation.org\\vendor\\laravel\\framework\\src\\Illuminate\\Container\\Container.php(596): Illuminate\\Container\\BoundMethod::call(Object(Illuminate\\Foundation\\Application), Array, Array, NULL)\n#55 C:\\xampp\\htdocs\\mptigerfoundation.org\\vendor\\laravel\\framework\\src\\Illuminate\\Console\\Command.php(136): Illuminate\\Container\\Container->call(Array)\n#56 C:\\xampp\\htdocs\\mptigerfoundation.org\\vendor\\symfony\\console\\Command\\Command.php(258): Illuminate\\Console\\Command->execute(Object(Symfony\\Component\\Console\\Input\\ArgvInput), Object(Illuminate\\Console\\OutputStyle))\n#57 C:\\xampp\\htdocs\\mptigerfoundation.org\\vendor\\laravel\\framework\\src\\Illuminate\\Console\\Command.php(121): Symfony\\Component\\Console\\Command\\Command->run(Object(Symfony\\Component\\Console\\Input\\ArgvInput), Object(Illuminate\\Console\\OutputStyle))\n#58 C:\\xampp\\htdocs\\mptigerfoundation.org\\vendor\\symfony\\console\\Application.php(920): Illuminate\\Console\\Command->run(Object(Symfony\\Component\\Console\\Input\\ArgvInput), Object(Symfony\\Component\\Console\\Output\\ConsoleOutput))\n#59 C:\\xampp\\htdocs\\mptigerfoundation.org\\vendor\\symfony\\console\\Application.php(266): Symfony\\Component\\Console\\Application->doRunCommand(Object(Illuminate\\Queue\\Console\\WorkCommand), Object(Symfony\\Component\\Console\\Input\\ArgvInput), Object(Symfony\\Component\\Console\\Output\\ConsoleOutput))\n#60 C:\\xampp\\htdocs\\mptigerfoundation.org\\vendor\\symfony\\console\\Application.php(142): Symfony\\Component\\Console\\Application->doRun(Object(Symfony\\Component\\Console\\Input\\ArgvInput), Object(Symfony\\Component\\Console\\Output\\ConsoleOutput))\n#61 C:\\xampp\\htdocs\\mptigerfoundation.org\\vendor\\laravel\\framework\\src\\Illuminate\\Console\\Application.php(93): Symfony\\Component\\Console\\Application->run(Object(Symfony\\Component\\Console\\Input\\ArgvInput), Object(Symfony\\Component\\Console\\Output\\ConsoleOutput))\n#62 C:\\xampp\\htdocs\\mptigerfoundation.org\\vendor\\laravel\\framework\\src\\Illuminate\\Foundation\\Console\\Kernel.php(129): Illuminate\\Console\\Application->run(Object(Symfony\\Component\\Console\\Input\\ArgvInput), Object(Symfony\\Component\\Console\\Output\\ConsoleOutput))\n#63 C:\\xampp\\htdocs\\mptigerfoundation.org\\artisan(37): Illuminate\\Foundation\\Console\\Kernel->handle(Object(Symfony\\Component\\Console\\Input\\ArgvInput), Object(Symfony\\Component\\Console\\Output\\ConsoleOutput))\n#64 {main}','2022-03-09 04:01:00'),(2,'a4d240fc-d8ab-4521-b05b-304cf76db999','database','default','{\"uuid\":\"a4d240fc-d8ab-4521-b05b-304cf76db999\",\"displayName\":\"App\\\\Notifications\\\\AuthorPostApproved\",\"job\":\"Illuminate\\\\Queue\\\\CallQueuedHandler@call\",\"maxTries\":null,\"maxExceptions\":null,\"backoff\":\"\",\"timeout\":null,\"retryUntil\":null,\"data\":{\"commandName\":\"Illuminate\\\\Notifications\\\\SendQueuedNotifications\",\"command\":\"O:48:\\\"Illuminate\\\\Notifications\\\\SendQueuedNotifications\\\":14:{s:11:\\\"notifiables\\\";O:45:\\\"Illuminate\\\\Contracts\\\\Database\\\\ModelIdentifier\\\":4:{s:5:\\\"class\\\";s:15:\\\"App\\\\Models\\\\User\\\";s:2:\\\"id\\\";a:1:{i:0;i:3;}s:9:\\\"relations\\\";a:0:{}s:10:\\\"connection\\\";s:5:\\\"mysql\\\";}s:12:\\\"notification\\\";O:36:\\\"App\\\\Notifications\\\\AuthorPostApproved\\\":11:{s:4:\\\"post\\\";O:45:\\\"Illuminate\\\\Contracts\\\\Database\\\\ModelIdentifier\\\":4:{s:5:\\\"class\\\";s:15:\\\"App\\\\Models\\\\Post\\\";s:2:\\\"id\\\";i:11;s:9:\\\"relations\\\";a:1:{i:0;s:4:\\\"user\\\";}s:10:\\\"connection\\\";s:5:\\\"mysql\\\";}s:2:\\\"id\\\";s:36:\\\"44dc4965-3f8d-4a75-a99f-c61679a1db60\\\";s:6:\\\"locale\\\";N;s:10:\\\"connection\\\";N;s:5:\\\"queue\\\";N;s:15:\\\"chainConnection\\\";N;s:10:\\\"chainQueue\\\";N;s:19:\\\"chainCatchCallbacks\\\";N;s:5:\\\"delay\\\";N;s:10:\\\"middleware\\\";a:0:{}s:7:\\\"chained\\\";a:0:{}}s:8:\\\"channels\\\";a:1:{i:0;s:4:\\\"mail\\\";}s:5:\\\"tries\\\";N;s:7:\\\"timeout\\\";N;s:3:\\\"job\\\";N;s:10:\\\"connection\\\";N;s:5:\\\"queue\\\";N;s:15:\\\"chainConnection\\\";N;s:10:\\\"chainQueue\\\";N;s:19:\\\"chainCatchCallbacks\\\";N;s:5:\\\"delay\\\";N;s:10:\\\"middleware\\\";a:0:{}s:7:\\\"chained\\\";a:0:{}}\"}}','ErrorException: htmlspecialchars() expects parameter 1 to be string, array given in C:\\xampp\\htdocs\\mptigerfoundation.org\\vendor\\laravel\\framework\\src\\Illuminate\\Support\\helpers.php:118\nStack trace:\n#0 [internal function]: Illuminate\\Foundation\\Bootstrap\\HandleExceptions->handleError(2, \'htmlspecialchar...\', \'C:\\\\xampp\\\\htdocs...\', 118, Array)\n#1 C:\\xampp\\htdocs\\mptigerfoundation.org\\vendor\\laravel\\framework\\src\\Illuminate\\Support\\helpers.php(118): htmlspecialchars(Array, 3, \'UTF-8\', true)\n#2 C:\\xampp\\htdocs\\mptigerfoundation.org\\storage\\framework\\views\\5b51d9da112e7c6adfe4d7b8424284577f1e59ca.php(10): e(Array)\n#3 C:\\xampp\\htdocs\\mptigerfoundation.org\\vendor\\laravel\\framework\\src\\Illuminate\\Filesystem\\Filesystem.php(107): require(\'C:\\\\xampp\\\\htdocs...\')\n#4 C:\\xampp\\htdocs\\mptigerfoundation.org\\vendor\\laravel\\framework\\src\\Illuminate\\Filesystem\\Filesystem.php(108): Illuminate\\Filesystem\\Filesystem::Illuminate\\Filesystem\\{closure}()\n#5 C:\\xampp\\htdocs\\mptigerfoundation.org\\vendor\\laravel\\framework\\src\\Illuminate\\View\\Engines\\PhpEngine.php(58): Illuminate\\Filesystem\\Filesystem->getRequire(\'C:\\\\xampp\\\\htdocs...\', Array)\n#6 C:\\xampp\\htdocs\\mptigerfoundation.org\\vendor\\laravel\\framework\\src\\Illuminate\\View\\Engines\\CompilerEngine.php(61): Illuminate\\View\\Engines\\PhpEngine->evaluatePath(\'C:\\\\xampp\\\\htdocs...\', Array)\n#7 C:\\xampp\\htdocs\\mptigerfoundation.org\\vendor\\facade\\ignition\\src\\Views\\Engines\\CompilerEngine.php(37): Illuminate\\View\\Engines\\CompilerEngine->get(\'C:\\\\xampp\\\\htdocs...\', Array)\n#8 C:\\xampp\\htdocs\\mptigerfoundation.org\\vendor\\laravel\\framework\\src\\Illuminate\\View\\View.php(139): Facade\\Ignition\\Views\\Engines\\CompilerEngine->get(\'C:\\\\xampp\\\\htdocs...\', Array)\n#9 C:\\xampp\\htdocs\\mptigerfoundation.org\\vendor\\laravel\\framework\\src\\Illuminate\\View\\View.php(122): Illuminate\\View\\View->getContents()\n#10 C:\\xampp\\htdocs\\mptigerfoundation.org\\vendor\\laravel\\framework\\src\\Illuminate\\View\\View.php(91): Illuminate\\View\\View->renderContents()\n#11 C:\\xampp\\htdocs\\mptigerfoundation.org\\vendor\\laravel\\framework\\src\\Illuminate\\View\\Concerns\\ManagesComponents.php(96): Illuminate\\View\\View->render()\n#12 C:\\xampp\\htdocs\\mptigerfoundation.org\\storage\\framework\\views\\7ed8bd8536d9efeee857b9c1f84a220a2107fe45.php(40): Illuminate\\View\\Factory->renderComponent()\n#13 C:\\xampp\\htdocs\\mptigerfoundation.org\\vendor\\laravel\\framework\\src\\Illuminate\\Filesystem\\Filesystem.php(107): require(\'C:\\\\xampp\\\\htdocs...\')\n#14 C:\\xampp\\htdocs\\mptigerfoundation.org\\vendor\\laravel\\framework\\src\\Illuminate\\Filesystem\\Filesystem.php(108): Illuminate\\Filesystem\\Filesystem::Illuminate\\Filesystem\\{closure}()\n#15 C:\\xampp\\htdocs\\mptigerfoundation.org\\vendor\\laravel\\framework\\src\\Illuminate\\View\\Engines\\PhpEngine.php(58): Illuminate\\Filesystem\\Filesystem->getRequire(\'C:\\\\xampp\\\\htdocs...\', Array)\n#16 C:\\xampp\\htdocs\\mptigerfoundation.org\\vendor\\laravel\\framework\\src\\Illuminate\\View\\Engines\\CompilerEngine.php(61): Illuminate\\View\\Engines\\PhpEngine->evaluatePath(\'C:\\\\xampp\\\\htdocs...\', Array)\n#17 C:\\xampp\\htdocs\\mptigerfoundation.org\\vendor\\facade\\ignition\\src\\Views\\Engines\\CompilerEngine.php(37): Illuminate\\View\\Engines\\CompilerEngine->get(\'C:\\\\xampp\\\\htdocs...\', Array)\n#18 C:\\xampp\\htdocs\\mptigerfoundation.org\\vendor\\laravel\\framework\\src\\Illuminate\\View\\View.php(139): Facade\\Ignition\\Views\\Engines\\CompilerEngine->get(\'C:\\\\xampp\\\\htdocs...\', Array)\n#19 C:\\xampp\\htdocs\\mptigerfoundation.org\\vendor\\laravel\\framework\\src\\Illuminate\\View\\View.php(122): Illuminate\\View\\View->getContents()\n#20 C:\\xampp\\htdocs\\mptigerfoundation.org\\vendor\\laravel\\framework\\src\\Illuminate\\View\\View.php(91): Illuminate\\View\\View->renderContents()\n#21 C:\\xampp\\htdocs\\mptigerfoundation.org\\vendor\\laravel\\framework\\src\\Illuminate\\Mail\\Markdown.php(64): Illuminate\\View\\View->render()\n#22 C:\\xampp\\htdocs\\mptigerfoundation.org\\vendor\\laravel\\framework\\src\\Illuminate\\Notifications\\Channels\\MailChannel.php(101): Illuminate\\Mail\\Markdown->render(\'notifications::...\', Array)\n#23 C:\\xampp\\htdocs\\mptigerfoundation.org\\vendor\\laravel\\framework\\src\\Illuminate\\Notifications\\Channels\\MailChannel.php(63): Illuminate\\Notifications\\Channels\\MailChannel->buildView(Object(Illuminate\\Notifications\\Messages\\MailMessage))\n#24 C:\\xampp\\htdocs\\mptigerfoundation.org\\vendor\\laravel\\framework\\src\\Illuminate\\Notifications\\NotificationSender.php(148): Illuminate\\Notifications\\Channels\\MailChannel->send(Object(App\\Models\\User), Object(App\\Notifications\\AuthorPostApproved))\n#25 C:\\xampp\\htdocs\\mptigerfoundation.org\\vendor\\laravel\\framework\\src\\Illuminate\\Notifications\\NotificationSender.php(106): Illuminate\\Notifications\\NotificationSender->sendToNotifiable(Object(App\\Models\\User), \'0106b301-9146-4...\', Object(App\\Notifications\\AuthorPostApproved), \'mail\')\n#26 C:\\xampp\\htdocs\\mptigerfoundation.org\\vendor\\laravel\\framework\\src\\Illuminate\\Support\\Traits\\Localizable.php(19): Illuminate\\Notifications\\NotificationSender->Illuminate\\Notifications\\{closure}()\n#27 C:\\xampp\\htdocs\\mptigerfoundation.org\\vendor\\laravel\\framework\\src\\Illuminate\\Notifications\\NotificationSender.php(109): Illuminate\\Notifications\\NotificationSender->withLocale(NULL, Object(Closure))\n#28 C:\\xampp\\htdocs\\mptigerfoundation.org\\vendor\\laravel\\framework\\src\\Illuminate\\Notifications\\ChannelManager.php(54): Illuminate\\Notifications\\NotificationSender->sendNow(Object(Illuminate\\Database\\Eloquent\\Collection), Object(App\\Notifications\\AuthorPostApproved), Array)\n#29 C:\\xampp\\htdocs\\mptigerfoundation.org\\vendor\\laravel\\framework\\src\\Illuminate\\Notifications\\SendQueuedNotifications.php(94): Illuminate\\Notifications\\ChannelManager->sendNow(Object(Illuminate\\Database\\Eloquent\\Collection), Object(App\\Notifications\\AuthorPostApproved), Array)\n#30 C:\\xampp\\htdocs\\mptigerfoundation.org\\vendor\\laravel\\framework\\src\\Illuminate\\Container\\BoundMethod.php(36): Illuminate\\Notifications\\SendQueuedNotifications->handle(Object(Illuminate\\Notifications\\ChannelManager))\n#31 C:\\xampp\\htdocs\\mptigerfoundation.org\\vendor\\laravel\\framework\\src\\Illuminate\\Container\\Util.php(40): Illuminate\\Container\\BoundMethod::Illuminate\\Container\\{closure}()\n#32 C:\\xampp\\htdocs\\mptigerfoundation.org\\vendor\\laravel\\framework\\src\\Illuminate\\Container\\BoundMethod.php(93): Illuminate\\Container\\Util::unwrapIfClosure(Object(Closure))\n#33 C:\\xampp\\htdocs\\mptigerfoundation.org\\vendor\\laravel\\framework\\src\\Illuminate\\Container\\BoundMethod.php(37): Illuminate\\Container\\BoundMethod::callBoundMethod(Object(Illuminate\\Foundation\\Application), Array, Object(Closure))\n#34 C:\\xampp\\htdocs\\mptigerfoundation.org\\vendor\\laravel\\framework\\src\\Illuminate\\Container\\Container.php(596): Illuminate\\Container\\BoundMethod::call(Object(Illuminate\\Foundation\\Application), Array, Array, NULL)\n#35 C:\\xampp\\htdocs\\mptigerfoundation.org\\vendor\\laravel\\framework\\src\\Illuminate\\Bus\\Dispatcher.php(128): Illuminate\\Container\\Container->call(Array)\n#36 C:\\xampp\\htdocs\\mptigerfoundation.org\\vendor\\laravel\\framework\\src\\Illuminate\\Pipeline\\Pipeline.php(128): Illuminate\\Bus\\Dispatcher->Illuminate\\Bus\\{closure}(Object(Illuminate\\Notifications\\SendQueuedNotifications))\n#37 C:\\xampp\\htdocs\\mptigerfoundation.org\\vendor\\laravel\\framework\\src\\Illuminate\\Pipeline\\Pipeline.php(103): Illuminate\\Pipeline\\Pipeline->Illuminate\\Pipeline\\{closure}(Object(Illuminate\\Notifications\\SendQueuedNotifications))\n#38 C:\\xampp\\htdocs\\mptigerfoundation.org\\vendor\\laravel\\framework\\src\\Illuminate\\Bus\\Dispatcher.php(132): Illuminate\\Pipeline\\Pipeline->then(Object(Closure))\n#39 C:\\xampp\\htdocs\\mptigerfoundation.org\\vendor\\laravel\\framework\\src\\Illuminate\\Queue\\CallQueuedHandler.php(85): Illuminate\\Bus\\Dispatcher->dispatchNow(Object(Illuminate\\Notifications\\SendQueuedNotifications), false)\n#40 C:\\xampp\\htdocs\\mptigerfoundation.org\\vendor\\laravel\\framework\\src\\Illuminate\\Pipeline\\Pipeline.php(128): Illuminate\\Queue\\CallQueuedHandler->Illuminate\\Queue\\{closure}(Object(Illuminate\\Notifications\\SendQueuedNotifications))\n#41 C:\\xampp\\htdocs\\mptigerfoundation.org\\vendor\\laravel\\framework\\src\\Illuminate\\Pipeline\\Pipeline.php(103): Illuminate\\Pipeline\\Pipeline->Illuminate\\Pipeline\\{closure}(Object(Illuminate\\Notifications\\SendQueuedNotifications))\n#42 C:\\xampp\\htdocs\\mptigerfoundation.org\\vendor\\laravel\\framework\\src\\Illuminate\\Queue\\CallQueuedHandler.php(87): Illuminate\\Pipeline\\Pipeline->then(Object(Closure))\n#43 C:\\xampp\\htdocs\\mptigerfoundation.org\\vendor\\laravel\\framework\\src\\Illuminate\\Queue\\CallQueuedHandler.php(60): Illuminate\\Queue\\CallQueuedHandler->dispatchThroughMiddleware(Object(Illuminate\\Queue\\Jobs\\DatabaseJob), Object(Illuminate\\Notifications\\SendQueuedNotifications))\n#44 C:\\xampp\\htdocs\\mptigerfoundation.org\\vendor\\laravel\\framework\\src\\Illuminate\\Queue\\Jobs\\Job.php(98): Illuminate\\Queue\\CallQueuedHandler->call(Object(Illuminate\\Queue\\Jobs\\DatabaseJob), Array)\n#45 C:\\xampp\\htdocs\\mptigerfoundation.org\\vendor\\laravel\\framework\\src\\Illuminate\\Queue\\Worker.php(406): Illuminate\\Queue\\Jobs\\Job->fire()\n#46 C:\\xampp\\htdocs\\mptigerfoundation.org\\vendor\\laravel\\framework\\src\\Illuminate\\Queue\\Worker.php(356): Illuminate\\Queue\\Worker->process(\'database\', Object(Illuminate\\Queue\\Jobs\\DatabaseJob), Object(Illuminate\\Queue\\WorkerOptions))\n#47 C:\\xampp\\htdocs\\mptigerfoundation.org\\vendor\\laravel\\framework\\src\\Illuminate\\Queue\\Worker.php(158): Illuminate\\Queue\\Worker->runJob(Object(Illuminate\\Queue\\Jobs\\DatabaseJob), \'database\', Object(Illuminate\\Queue\\WorkerOptions))\n#48 C:\\xampp\\htdocs\\mptigerfoundation.org\\vendor\\laravel\\framework\\src\\Illuminate\\Queue\\Console\\WorkCommand.php(116): Illuminate\\Queue\\Worker->daemon(\'database\', \'default\', Object(Illuminate\\Queue\\WorkerOptions))\n#49 C:\\xampp\\htdocs\\mptigerfoundation.org\\vendor\\laravel\\framework\\src\\Illuminate\\Queue\\Console\\WorkCommand.php(100): Illuminate\\Queue\\Console\\WorkCommand->runWorker(\'database\', \'default\')\n#50 C:\\xampp\\htdocs\\mptigerfoundation.org\\vendor\\laravel\\framework\\src\\Illuminate\\Container\\BoundMethod.php(36): Illuminate\\Queue\\Console\\WorkCommand->handle()\n#51 C:\\xampp\\htdocs\\mptigerfoundation.org\\vendor\\laravel\\framework\\src\\Illuminate\\Container\\Util.php(40): Illuminate\\Container\\BoundMethod::Illuminate\\Container\\{closure}()\n#52 C:\\xampp\\htdocs\\mptigerfoundation.org\\vendor\\laravel\\framework\\src\\Illuminate\\Container\\BoundMethod.php(93): Illuminate\\Container\\Util::unwrapIfClosure(Object(Closure))\n#53 C:\\xampp\\htdocs\\mptigerfoundation.org\\vendor\\laravel\\framework\\src\\Illuminate\\Container\\BoundMethod.php(37): Illuminate\\Container\\BoundMethod::callBoundMethod(Object(Illuminate\\Foundation\\Application), Array, Object(Closure))\n#54 C:\\xampp\\htdocs\\mptigerfoundation.org\\vendor\\laravel\\framework\\src\\Illuminate\\Container\\Container.php(596): Illuminate\\Container\\BoundMethod::call(Object(Illuminate\\Foundation\\Application), Array, Array, NULL)\n#55 C:\\xampp\\htdocs\\mptigerfoundation.org\\vendor\\laravel\\framework\\src\\Illuminate\\Console\\Command.php(136): Illuminate\\Container\\Container->call(Array)\n#56 C:\\xampp\\htdocs\\mptigerfoundation.org\\vendor\\symfony\\console\\Command\\Command.php(258): Illuminate\\Console\\Command->execute(Object(Symfony\\Component\\Console\\Input\\ArgvInput), Object(Illuminate\\Console\\OutputStyle))\n#57 C:\\xampp\\htdocs\\mptigerfoundation.org\\vendor\\laravel\\framework\\src\\Illuminate\\Console\\Command.php(121): Symfony\\Component\\Console\\Command\\Command->run(Object(Symfony\\Component\\Console\\Input\\ArgvInput), Object(Illuminate\\Console\\OutputStyle))\n#58 C:\\xampp\\htdocs\\mptigerfoundation.org\\vendor\\symfony\\console\\Application.php(920): Illuminate\\Console\\Command->run(Object(Symfony\\Component\\Console\\Input\\ArgvInput), Object(Symfony\\Component\\Console\\Output\\ConsoleOutput))\n#59 C:\\xampp\\htdocs\\mptigerfoundation.org\\vendor\\symfony\\console\\Application.php(266): Symfony\\Component\\Console\\Application->doRunCommand(Object(Illuminate\\Queue\\Console\\WorkCommand), Object(Symfony\\Component\\Console\\Input\\ArgvInput), Object(Symfony\\Component\\Console\\Output\\ConsoleOutput))\n#60 C:\\xampp\\htdocs\\mptigerfoundation.org\\vendor\\symfony\\console\\Application.php(142): Symfony\\Component\\Console\\Application->doRun(Object(Symfony\\Component\\Console\\Input\\ArgvInput), Object(Symfony\\Component\\Console\\Output\\ConsoleOutput))\n#61 C:\\xampp\\htdocs\\mptigerfoundation.org\\vendor\\laravel\\framework\\src\\Illuminate\\Console\\Application.php(93): Symfony\\Component\\Console\\Application->run(Object(Symfony\\Component\\Console\\Input\\ArgvInput), Object(Symfony\\Component\\Console\\Output\\ConsoleOutput))\n#62 C:\\xampp\\htdocs\\mptigerfoundation.org\\vendor\\laravel\\framework\\src\\Illuminate\\Foundation\\Console\\Kernel.php(129): Illuminate\\Console\\Application->run(Object(Symfony\\Component\\Console\\Input\\ArgvInput), Object(Symfony\\Component\\Console\\Output\\ConsoleOutput))\n#63 C:\\xampp\\htdocs\\mptigerfoundation.org\\artisan(37): Illuminate\\Foundation\\Console\\Kernel->handle(Object(Symfony\\Component\\Console\\Input\\ArgvInput), Object(Symfony\\Component\\Console\\Output\\ConsoleOutput))\n#64 {main}\n\nNext Facade\\Ignition\\Exceptions\\ViewException: htmlspecialchars() expects parameter 1 to be string, array given (View: C:\\xampp\\htdocs\\mptigerfoundation.org\\vendor\\laravel\\framework\\src\\Illuminate\\Mail\\resources\\views\\html\\button.blade.php) in C:\\xampp\\htdocs\\mptigerfoundation.org\\vendor\\laravel\\framework\\src\\Illuminate\\Support\\helpers.php:118\nStack trace:\n#0 [internal function]: Illuminate\\Foundation\\Bootstrap\\HandleExceptions->handleError(2, \'htmlspecialchar...\', \'C:\\\\xampp\\\\htdocs...\', 118, Array)\n#1 C:\\xampp\\htdocs\\mptigerfoundation.org\\vendor\\laravel\\framework\\src\\Illuminate\\Support\\helpers.php(118): htmlspecialchars(Array, 3, \'UTF-8\', true)\n#2 C:\\xampp\\htdocs\\mptigerfoundation.org\\vendor\\laravel\\framework\\src\\Illuminate\\Mail/resources/views/html/button.blade.php(10): e(Array)\n#3 C:\\xampp\\htdocs\\mptigerfoundation.org\\vendor\\laravel\\framework\\src\\Illuminate\\Filesystem\\Filesystem.php(107): require(\'C:\\\\xampp\\\\htdocs...\')\n#4 C:\\xampp\\htdocs\\mptigerfoundation.org\\vendor\\laravel\\framework\\src\\Illuminate\\Filesystem\\Filesystem.php(108): Illuminate\\Filesystem\\Filesystem::Illuminate\\Filesystem\\{closure}()\n#5 C:\\xampp\\htdocs\\mptigerfoundation.org\\vendor\\laravel\\framework\\src\\Illuminate\\View\\Engines\\PhpEngine.php(58): Illuminate\\Filesystem\\Filesystem->getRequire(\'C:\\\\xampp\\\\htdocs...\', Array)\n#6 C:\\xampp\\htdocs\\mptigerfoundation.org\\vendor\\laravel\\framework\\src\\Illuminate\\View\\Engines\\CompilerEngine.php(61): Illuminate\\View\\Engines\\PhpEngine->evaluatePath(\'C:\\\\xampp\\\\htdocs...\', Array)\n#7 C:\\xampp\\htdocs\\mptigerfoundation.org\\vendor\\facade\\ignition\\src\\Views\\Engines\\CompilerEngine.php(37): Illuminate\\View\\Engines\\CompilerEngine->get(\'C:\\\\xampp\\\\htdocs...\', Array)\n#8 C:\\xampp\\htdocs\\mptigerfoundation.org\\vendor\\laravel\\framework\\src\\Illuminate\\View\\View.php(139): Facade\\Ignition\\Views\\Engines\\CompilerEngine->get(\'C:\\\\xampp\\\\htdocs...\', Array)\n#9 C:\\xampp\\htdocs\\mptigerfoundation.org\\vendor\\laravel\\framework\\src\\Illuminate\\View\\View.php(122): Illuminate\\View\\View->getContents()\n#10 C:\\xampp\\htdocs\\mptigerfoundation.org\\vendor\\laravel\\framework\\src\\Illuminate\\View\\View.php(91): Illuminate\\View\\View->renderContents()\n#11 C:\\xampp\\htdocs\\mptigerfoundation.org\\vendor\\laravel\\framework\\src\\Illuminate\\View\\Concerns\\ManagesComponents.php(96): Illuminate\\View\\View->render()\n#12 C:\\xampp\\htdocs\\mptigerfoundation.org\\vendor\\laravel\\framework\\src\\Illuminate\\Notifications/resources/views/email.blade.php(40): Illuminate\\View\\Factory->renderComponent()\n#13 C:\\xampp\\htdocs\\mptigerfoundation.org\\vendor\\laravel\\framework\\src\\Illuminate\\Filesystem\\Filesystem.php(107): require(\'C:\\\\xampp\\\\htdocs...\')\n#14 C:\\xampp\\htdocs\\mptigerfoundation.org\\vendor\\laravel\\framework\\src\\Illuminate\\Filesystem\\Filesystem.php(108): Illuminate\\Filesystem\\Filesystem::Illuminate\\Filesystem\\{closure}()\n#15 C:\\xampp\\htdocs\\mptigerfoundation.org\\vendor\\laravel\\framework\\src\\Illuminate\\View\\Engines\\PhpEngine.php(58): Illuminate\\Filesystem\\Filesystem->getRequire(\'C:\\\\xampp\\\\htdocs...\', Array)\n#16 C:\\xampp\\htdocs\\mptigerfoundation.org\\vendor\\laravel\\framework\\src\\Illuminate\\View\\Engines\\CompilerEngine.php(61): Illuminate\\View\\Engines\\PhpEngine->evaluatePath(\'C:\\\\xampp\\\\htdocs...\', Array)\n#17 C:\\xampp\\htdocs\\mptigerfoundation.org\\vendor\\facade\\ignition\\src\\Views\\Engines\\CompilerEngine.php(37): Illuminate\\View\\Engines\\CompilerEngine->get(\'C:\\\\xampp\\\\htdocs...\', Array)\n#18 C:\\xampp\\htdocs\\mptigerfoundation.org\\vendor\\laravel\\framework\\src\\Illuminate\\View\\View.php(139): Facade\\Ignition\\Views\\Engines\\CompilerEngine->get(\'C:\\\\xampp\\\\htdocs...\', Array)\n#19 C:\\xampp\\htdocs\\mptigerfoundation.org\\vendor\\laravel\\framework\\src\\Illuminate\\View\\View.php(122): Illuminate\\View\\View->getContents()\n#20 C:\\xampp\\htdocs\\mptigerfoundation.org\\vendor\\laravel\\framework\\src\\Illuminate\\View\\View.php(91): Illuminate\\View\\View->renderContents()\n#21 C:\\xampp\\htdocs\\mptigerfoundation.org\\vendor\\laravel\\framework\\src\\Illuminate\\Mail\\Markdown.php(64): Illuminate\\View\\View->render()\n#22 C:\\xampp\\htdocs\\mptigerfoundation.org\\vendor\\laravel\\framework\\src\\Illuminate\\Notifications\\Channels\\MailChannel.php(101): Illuminate\\Mail\\Markdown->render(\'notifications::...\', Array)\n#23 C:\\xampp\\htdocs\\mptigerfoundation.org\\vendor\\laravel\\framework\\src\\Illuminate\\Notifications\\Channels\\MailChannel.php(63): Illuminate\\Notifications\\Channels\\MailChannel->buildView(Object(Illuminate\\Notifications\\Messages\\MailMessage))\n#24 C:\\xampp\\htdocs\\mptigerfoundation.org\\vendor\\laravel\\framework\\src\\Illuminate\\Notifications\\NotificationSender.php(148): Illuminate\\Notifications\\Channels\\MailChannel->send(Object(App\\Models\\User), Object(App\\Notifications\\AuthorPostApproved))\n#25 C:\\xampp\\htdocs\\mptigerfoundation.org\\vendor\\laravel\\framework\\src\\Illuminate\\Notifications\\NotificationSender.php(106): Illuminate\\Notifications\\NotificationSender->sendToNotifiable(Object(App\\Models\\User), \'0106b301-9146-4...\', Object(App\\Notifications\\AuthorPostApproved), \'mail\')\n#26 C:\\xampp\\htdocs\\mptigerfoundation.org\\vendor\\laravel\\framework\\src\\Illuminate\\Support\\Traits\\Localizable.php(19): Illuminate\\Notifications\\NotificationSender->Illuminate\\Notifications\\{closure}()\n#27 C:\\xampp\\htdocs\\mptigerfoundation.org\\vendor\\laravel\\framework\\src\\Illuminate\\Notifications\\NotificationSender.php(109): Illuminate\\Notifications\\NotificationSender->withLocale(NULL, Object(Closure))\n#28 C:\\xampp\\htdocs\\mptigerfoundation.org\\vendor\\laravel\\framework\\src\\Illuminate\\Notifications\\ChannelManager.php(54): Illuminate\\Notifications\\NotificationSender->sendNow(Object(Illuminate\\Database\\Eloquent\\Collection), Object(App\\Notifications\\AuthorPostApproved), Array)\n#29 C:\\xampp\\htdocs\\mptigerfoundation.org\\vendor\\laravel\\framework\\src\\Illuminate\\Notifications\\SendQueuedNotifications.php(94): Illuminate\\Notifications\\ChannelManager->sendNow(Object(Illuminate\\Database\\Eloquent\\Collection), Object(App\\Notifications\\AuthorPostApproved), Array)\n#30 C:\\xampp\\htdocs\\mptigerfoundation.org\\vendor\\laravel\\framework\\src\\Illuminate\\Container\\BoundMethod.php(36): Illuminate\\Notifications\\SendQueuedNotifications->handle(Object(Illuminate\\Notifications\\ChannelManager))\n#31 C:\\xampp\\htdocs\\mptigerfoundation.org\\vendor\\laravel\\framework\\src\\Illuminate\\Container\\Util.php(40): Illuminate\\Container\\BoundMethod::Illuminate\\Container\\{closure}()\n#32 C:\\xampp\\htdocs\\mptigerfoundation.org\\vendor\\laravel\\framework\\src\\Illuminate\\Container\\BoundMethod.php(93): Illuminate\\Container\\Util::unwrapIfClosure(Object(Closure))\n#33 C:\\xampp\\htdocs\\mptigerfoundation.org\\vendor\\laravel\\framework\\src\\Illuminate\\Container\\BoundMethod.php(37): Illuminate\\Container\\BoundMethod::callBoundMethod(Object(Illuminate\\Foundation\\Application), Array, Object(Closure))\n#34 C:\\xampp\\htdocs\\mptigerfoundation.org\\vendor\\laravel\\framework\\src\\Illuminate\\Container\\Container.php(596): Illuminate\\Container\\BoundMethod::call(Object(Illuminate\\Foundation\\Application), Array, Array, NULL)\n#35 C:\\xampp\\htdocs\\mptigerfoundation.org\\vendor\\laravel\\framework\\src\\Illuminate\\Bus\\Dispatcher.php(128): Illuminate\\Container\\Container->call(Array)\n#36 C:\\xampp\\htdocs\\mptigerfoundation.org\\vendor\\laravel\\framework\\src\\Illuminate\\Pipeline\\Pipeline.php(128): Illuminate\\Bus\\Dispatcher->Illuminate\\Bus\\{closure}(Object(Illuminate\\Notifications\\SendQueuedNotifications))\n#37 C:\\xampp\\htdocs\\mptigerfoundation.org\\vendor\\laravel\\framework\\src\\Illuminate\\Pipeline\\Pipeline.php(103): Illuminate\\Pipeline\\Pipeline->Illuminate\\Pipeline\\{closure}(Object(Illuminate\\Notifications\\SendQueuedNotifications))\n#38 C:\\xampp\\htdocs\\mptigerfoundation.org\\vendor\\laravel\\framework\\src\\Illuminate\\Bus\\Dispatcher.php(132): Illuminate\\Pipeline\\Pipeline->then(Object(Closure))\n#39 C:\\xampp\\htdocs\\mptigerfoundation.org\\vendor\\laravel\\framework\\src\\Illuminate\\Queue\\CallQueuedHandler.php(85): Illuminate\\Bus\\Dispatcher->dispatchNow(Object(Illuminate\\Notifications\\SendQueuedNotifications), false)\n#40 C:\\xampp\\htdocs\\mptigerfoundation.org\\vendor\\laravel\\framework\\src\\Illuminate\\Pipeline\\Pipeline.php(128): Illuminate\\Queue\\CallQueuedHandler->Illuminate\\Queue\\{closure}(Object(Illuminate\\Notifications\\SendQueuedNotifications))\n#41 C:\\xampp\\htdocs\\mptigerfoundation.org\\vendor\\laravel\\framework\\src\\Illuminate\\Pipeline\\Pipeline.php(103): Illuminate\\Pipeline\\Pipeline->Illuminate\\Pipeline\\{closure}(Object(Illuminate\\Notifications\\SendQueuedNotifications))\n#42 C:\\xampp\\htdocs\\mptigerfoundation.org\\vendor\\laravel\\framework\\src\\Illuminate\\Queue\\CallQueuedHandler.php(87): Illuminate\\Pipeline\\Pipeline->then(Object(Closure))\n#43 C:\\xampp\\htdocs\\mptigerfoundation.org\\vendor\\laravel\\framework\\src\\Illuminate\\Queue\\CallQueuedHandler.php(60): Illuminate\\Queue\\CallQueuedHandler->dispatchThroughMiddleware(Object(Illuminate\\Queue\\Jobs\\DatabaseJob), Object(Illuminate\\Notifications\\SendQueuedNotifications))\n#44 C:\\xampp\\htdocs\\mptigerfoundation.org\\vendor\\laravel\\framework\\src\\Illuminate\\Queue\\Jobs\\Job.php(98): Illuminate\\Queue\\CallQueuedHandler->call(Object(Illuminate\\Queue\\Jobs\\DatabaseJob), Array)\n#45 C:\\xampp\\htdocs\\mptigerfoundation.org\\vendor\\laravel\\framework\\src\\Illuminate\\Queue\\Worker.php(406): Illuminate\\Queue\\Jobs\\Job->fire()\n#46 C:\\xampp\\htdocs\\mptigerfoundation.org\\vendor\\laravel\\framework\\src\\Illuminate\\Queue\\Worker.php(356): Illuminate\\Queue\\Worker->process(\'database\', Object(Illuminate\\Queue\\Jobs\\DatabaseJob), Object(Illuminate\\Queue\\WorkerOptions))\n#47 C:\\xampp\\htdocs\\mptigerfoundation.org\\vendor\\laravel\\framework\\src\\Illuminate\\Queue\\Worker.php(158): Illuminate\\Queue\\Worker->runJob(Object(Illuminate\\Queue\\Jobs\\DatabaseJob), \'database\', Object(Illuminate\\Queue\\WorkerOptions))\n#48 C:\\xampp\\htdocs\\mptigerfoundation.org\\vendor\\laravel\\framework\\src\\Illuminate\\Queue\\Console\\WorkCommand.php(116): Illuminate\\Queue\\Worker->daemon(\'database\', \'default\', Object(Illuminate\\Queue\\WorkerOptions))\n#49 C:\\xampp\\htdocs\\mptigerfoundation.org\\vendor\\laravel\\framework\\src\\Illuminate\\Queue\\Console\\WorkCommand.php(100): Illuminate\\Queue\\Console\\WorkCommand->runWorker(\'database\', \'default\')\n#50 C:\\xampp\\htdocs\\mptigerfoundation.org\\vendor\\laravel\\framework\\src\\Illuminate\\Container\\BoundMethod.php(36): Illuminate\\Queue\\Console\\WorkCommand->handle()\n#51 C:\\xampp\\htdocs\\mptigerfoundation.org\\vendor\\laravel\\framework\\src\\Illuminate\\Container\\Util.php(40): Illuminate\\Container\\BoundMethod::Illuminate\\Container\\{closure}()\n#52 C:\\xampp\\htdocs\\mptigerfoundation.org\\vendor\\laravel\\framework\\src\\Illuminate\\Container\\BoundMethod.php(93): Illuminate\\Container\\Util::unwrapIfClosure(Object(Closure))\n#53 C:\\xampp\\htdocs\\mptigerfoundation.org\\vendor\\laravel\\framework\\src\\Illuminate\\Container\\BoundMethod.php(37): Illuminate\\Container\\BoundMethod::callBoundMethod(Object(Illuminate\\Foundation\\Application), Array, Object(Closure))\n#54 C:\\xampp\\htdocs\\mptigerfoundation.org\\vendor\\laravel\\framework\\src\\Illuminate\\Container\\Container.php(596): Illuminate\\Container\\BoundMethod::call(Object(Illuminate\\Foundation\\Application), Array, Array, NULL)\n#55 C:\\xampp\\htdocs\\mptigerfoundation.org\\vendor\\laravel\\framework\\src\\Illuminate\\Console\\Command.php(136): Illuminate\\Container\\Container->call(Array)\n#56 C:\\xampp\\htdocs\\mptigerfoundation.org\\vendor\\symfony\\console\\Command\\Command.php(258): Illuminate\\Console\\Command->execute(Object(Symfony\\Component\\Console\\Input\\ArgvInput), Object(Illuminate\\Console\\OutputStyle))\n#57 C:\\xampp\\htdocs\\mptigerfoundation.org\\vendor\\laravel\\framework\\src\\Illuminate\\Console\\Command.php(121): Symfony\\Component\\Console\\Command\\Command->run(Object(Symfony\\Component\\Console\\Input\\ArgvInput), Object(Illuminate\\Console\\OutputStyle))\n#58 C:\\xampp\\htdocs\\mptigerfoundation.org\\vendor\\symfony\\console\\Application.php(920): Illuminate\\Console\\Command->run(Object(Symfony\\Component\\Console\\Input\\ArgvInput), Object(Symfony\\Component\\Console\\Output\\ConsoleOutput))\n#59 C:\\xampp\\htdocs\\mptigerfoundation.org\\vendor\\symfony\\console\\Application.php(266): Symfony\\Component\\Console\\Application->doRunCommand(Object(Illuminate\\Queue\\Console\\WorkCommand), Object(Symfony\\Component\\Console\\Input\\ArgvInput), Object(Symfony\\Component\\Console\\Output\\ConsoleOutput))\n#60 C:\\xampp\\htdocs\\mptigerfoundation.org\\vendor\\symfony\\console\\Application.php(142): Symfony\\Component\\Console\\Application->doRun(Object(Symfony\\Component\\Console\\Input\\ArgvInput), Object(Symfony\\Component\\Console\\Output\\ConsoleOutput))\n#61 C:\\xampp\\htdocs\\mptigerfoundation.org\\vendor\\laravel\\framework\\src\\Illuminate\\Console\\Application.php(93): Symfony\\Component\\Console\\Application->run(Object(Symfony\\Component\\Console\\Input\\ArgvInput), Object(Symfony\\Component\\Console\\Output\\ConsoleOutput))\n#62 C:\\xampp\\htdocs\\mptigerfoundation.org\\vendor\\laravel\\framework\\src\\Illuminate\\Foundation\\Console\\Kernel.php(129): Illuminate\\Console\\Application->run(Object(Symfony\\Component\\Console\\Input\\ArgvInput), Object(Symfony\\Component\\Console\\Output\\ConsoleOutput))\n#63 C:\\xampp\\htdocs\\mptigerfoundation.org\\artisan(37): Illuminate\\Foundation\\Console\\Kernel->handle(Object(Symfony\\Component\\Console\\Input\\ArgvInput), Object(Symfony\\Component\\Console\\Output\\ConsoleOutput))\n#64 {main}','2022-03-09 04:02:10');
/*!40000 ALTER TABLE `failed_jobs` ENABLE KEYS */;
UNLOCK TABLES;

--
-- Table structure for table `galleries`
--

DROP TABLE IF EXISTS `galleries`;
/*!40101 SET @saved_cs_client     = @@character_set_client */;
/*!50503 SET character_set_client = utf8mb4 */;
CREATE TABLE `galleries` (
  `id` bigint unsigned NOT NULL AUTO_INCREMENT,
  `original_filename` varchar(255) CHARACTER SET utf8mb4 COLLATE utf8mb4_unicode_ci NOT NULL,
  `filename` varchar(255) CHARACTER SET utf8mb4 COLLATE utf8mb4_unicode_ci NOT NULL,
  `file_size` bigint NOT NULL,
  `file_path` text CHARACTER SET utf8mb4 COLLATE utf8mb4_unicode_ci,
  `created_at` timestamp NULL DEFAULT NULL,
  `updated_at` timestamp NULL DEFAULT NULL,
  PRIMARY KEY (`id`)
) ENGINE=InnoDB AUTO_INCREMENT=70 DEFAULT CHARSET=utf8mb4 COLLATE=utf8mb4_unicode_ci;
/*!40101 SET character_set_client = @saved_cs_client */;

--
-- Dumping data for table `galleries`
--

LOCK TABLES `galleries` WRITE;
/*!40000 ALTER TABLE `galleries` DISABLE KEYS */;
INSERT INTO `galleries` VALUES (44,'About-Us-Banner.jpg','cc1a5186982df8b361686634475c9f2c63a5b7b9.jpg',140531,'C:\\xampp\\htdocs\\mptigerfoundation.org\\storage\\app/public/gallery\\cc1a5186982df8b361686634475c9f2c63a5b7b9.jpg','2021-06-26 01:06:37','2021-06-26 01:06:37'),(45,'About-Us-Side-pic.jpg','fed49021757ee7679d6c80352e9c256d413d98b5.jpg',277589,'C:\\xampp\\htdocs\\mptigerfoundation.org\\storage\\app/public/gallery\\fed49021757ee7679d6c80352e9c256d413d98b5.jpg','2021-06-26 01:06:37','2021-06-26 01:06:37'),(46,'Awareness-Initiatives-Banner.jpg','4fe162c29ca8803b22e53876f9297b5406988e05.jpg',391887,'C:\\xampp\\htdocs\\mptigerfoundation.org\\storage\\app/public/gallery\\4fe162c29ca8803b22e53876f9297b5406988e05.jpg','2021-06-26 01:06:37','2021-06-26 01:06:37'),(47,'Awareness-Initiatives-Ext.jpg','0e6f9eb74d29989bdddabfa0ba1d29c00bbef84c.jpg',85454,'C:\\xampp\\htdocs\\mptigerfoundation.org\\storage\\app/public/gallery\\0e6f9eb74d29989bdddabfa0ba1d29c00bbef84c.jpg','2021-06-26 01:06:37','2021-06-26 01:06:37'),(48,'Banner-1.jpg','d92332d7b6d9a42ed47ea3f9f345a0d70753fc6c.jpg',1218554,'C:\\xampp\\htdocs\\mptigerfoundation.org\\storage\\app/public/gallery\\d92332d7b6d9a42ed47ea3f9f345a0d70753fc6c.jpg','2021-06-26 01:06:38','2021-06-26 01:06:38'),(49,'Banner-2.jpg','cdd9020a5f8b65ca55a86fa193cab1d0acb19edb.jpg',535064,'C:\\xampp\\htdocs\\mptigerfoundation.org\\storage\\app/public/gallery\\cdd9020a5f8b65ca55a86fa193cab1d0acb19edb.jpg','2021-06-26 01:06:38','2021-06-26 01:06:38'),(50,'Banner-3.jpg','6fca68c06d2aff06bf609e53448b6dc1f357e37f.jpg',623158,'C:\\xampp\\htdocs\\mptigerfoundation.org\\storage\\app/public/gallery\\6fca68c06d2aff06bf609e53448b6dc1f357e37f.jpg','2021-06-26 01:06:38','2021-06-26 01:06:38'),(51,'BCRLIP-Banner.jpg','ed8959f43369a8cbe8e895559fb92cd8c8aeaf47.jpg',1460003,'C:\\xampp\\htdocs\\mptigerfoundation.org\\storage\\app/public/gallery\\ed8959f43369a8cbe8e895559fb92cd8c8aeaf47.jpg','2021-06-26 01:06:38','2021-06-26 01:06:38'),(52,'BCRLIP-Side-Pic.jpg','722e44e249968c0d4e87c9ba9aafa2c5150bfe1c.jpg',1879570,'C:\\xampp\\htdocs\\mptigerfoundation.org\\storage\\app/public/gallery\\722e44e249968c0d4e87c9ba9aafa2c5150bfe1c.jpg','2021-06-26 01:06:39','2021-06-26 01:06:39'),(53,'Extra.jpg','b1c32d39de188c2d1662dd62ecb45f827e5324aa.jpg',704697,'C:\\xampp\\htdocs\\mptigerfoundation.org\\storage\\app/public/gallery\\b1c32d39de188c2d1662dd62ecb45f827e5324aa.jpg','2021-06-26 01:06:39','2021-06-26 01:06:39'),(54,'Governing-Body-Banner.jpg','fdca5a7c4d0d3f9952da9efce03d127d8d21876c.jpg',1306020,'C:\\xampp\\htdocs\\mptigerfoundation.org\\storage\\app/public/gallery\\fdca5a7c4d0d3f9952da9efce03d127d8d21876c.jpg','2021-06-26 01:06:39','2021-06-26 01:06:39'),(55,'Governing-Body-Side.jpg','e2cba1cf90fc57533260dd95dc84fd18dc6e788c.jpg',255655,'C:\\xampp\\htdocs\\mptigerfoundation.org\\storage\\app/public/gallery\\e2cba1cf90fc57533260dd95dc84fd18dc6e788c.jpg','2021-06-26 01:06:39','2021-06-26 01:06:39'),(56,'Other-PA(s).jpg','eefb90ca92bdefac287f0338fe20aa2bcfe3cab7.jpg',1615286,'C:\\xampp\\htdocs\\mptigerfoundation.org\\storage\\app/public/gallery\\eefb90ca92bdefac287f0338fe20aa2bcfe3cab7.jpg','2021-06-26 01:06:39','2021-06-26 01:06:39'),(57,'Partners.jpg','39e7c4a309d2944615bbe0f9c18706f12ee08d44.jpg',439238,'C:\\xampp\\htdocs\\mptigerfoundation.org\\storage\\app/public/gallery\\39e7c4a309d2944615bbe0f9c18706f12ee08d44.jpg','2021-06-26 01:06:39','2021-06-26 01:06:39'),(58,'Partners-Banner.jpg','da206f66ca749392f8f485548221adb82d0b8b0b.jpg',1314803,'C:\\xampp\\htdocs\\mptigerfoundation.org\\storage\\app/public/gallery\\da206f66ca749392f8f485548221adb82d0b8b0b.jpg','2021-06-26 01:06:40','2021-06-26 01:06:40'),(59,'Project-Tiger-Banner.jpg','71365a551b33cafbed1067c01b72e3bfbcee8b89.jpg',1306287,'C:\\xampp\\htdocs\\mptigerfoundation.org\\storage\\app/public/gallery\\71365a551b33cafbed1067c01b72e3bfbcee8b89.jpg','2021-06-26 01:06:40','2021-06-26 01:06:40'),(60,'Project-Tiger-Neeche.jpg','5eaa3263e6190d2821e047d3c1cbf873602b9d1d.jpg',1093509,'C:\\xampp\\htdocs\\mptigerfoundation.org\\storage\\app/public/gallery\\5eaa3263e6190d2821e047d3c1cbf873602b9d1d.jpg','2021-06-26 01:06:40','2021-06-26 01:06:40'),(61,'Support-Banner.jpg','bcc764b44ef9c7ac5e4a5b8cdbecfb551f990f50.jpg',1539966,'C:\\xampp\\htdocs\\mptigerfoundation.org\\storage\\app/public/gallery\\bcc764b44ef9c7ac5e4a5b8cdbecfb551f990f50.jpg','2021-06-26 01:06:40','2021-06-26 01:06:40'),(62,'Support-Side.jpg','7a024d9b5688319b0b35b172578d959c789789d9.jpg',625297,'C:\\xampp\\htdocs\\mptigerfoundation.org\\storage\\app/public/gallery\\7a024d9b5688319b0b35b172578d959c789789d9.jpg','2021-06-26 01:06:41','2021-06-26 01:06:41'),(63,'Tiger-Reserve-Banner.jpg','26d5db9f88acd540284f0412a5bb5c8e29fe08dc.jpg',2690685,'C:\\xampp\\htdocs\\mptigerfoundation.org\\storage\\app/public/gallery\\26d5db9f88acd540284f0412a5bb5c8e29fe08dc.jpg','2021-06-26 01:06:41','2021-06-26 01:06:41'),(64,'Tiger-Reserves-Side.jpg','6a94abba29cb50d98e9fdc8b74706a7c55201d4a.jpg',864101,'C:\\xampp\\htdocs\\mptigerfoundation.org\\storage\\app/public/gallery\\6a94abba29cb50d98e9fdc8b74706a7c55201d4a.jpg','2021-06-26 01:06:41','2021-06-26 01:06:41'),(65,'Training-Collage-1.jpg','950d9ce87d057abea98473f84a28884916fbf595.jpg',2698799,'C:\\xampp\\htdocs\\mptigerfoundation.org\\storage\\app/public/gallery\\950d9ce87d057abea98473f84a28884916fbf595.jpg','2021-06-26 01:06:41','2021-06-26 01:06:41'),(66,'Training-n-Research-1-Cut-Vertically-orig.jpg','4379cbc1b5b020027971d40c893e5def9f2ea5e8.jpg',381605,'C:\\xampp\\htdocs\\mptigerfoundation.org\\storage\\app/public/gallery\\4379cbc1b5b020027971d40c893e5def9f2ea5e8.jpg','2021-06-26 01:06:42','2021-06-26 01:06:42'),(67,'Training-n-Research-2-Cut-Vertically.jpg','cbfe16849429f5f927121a264a3e0ad7bce6d28c.jpg',98983,'C:\\xampp\\htdocs\\mptigerfoundation.org\\storage\\app/public/gallery\\cbfe16849429f5f927121a264a3e0ad7bce6d28c.jpg','2021-06-26 01:06:42','2021-06-26 01:06:42'),(68,'Training-n-Research-Banner.jpg','42ca9cdcd9ee07c677d663eb3ca18a6b6f2be46d.jpg',226844,'C:\\xampp\\htdocs\\mptigerfoundation.org\\storage\\app/public/gallery\\42ca9cdcd9ee07c677d663eb3ca18a6b6f2be46d.jpg','2021-06-26 01:06:42','2021-06-26 01:06:42'),(69,'we-protect-wildlife-side-pic.jpg','f5b7480b067859909122a0b7400daaa77d7b065b.jpg',913730,'C:\\xampp\\htdocs\\mptigerfoundation.org\\storage\\app/public/gallery\\f5b7480b067859909122a0b7400daaa77d7b065b.jpg','2021-06-26 01:06:42','2021-06-26 01:06:42');
/*!40000 ALTER TABLE `galleries` ENABLE KEYS */;
UNLOCK TABLES;

--
-- Table structure for table `jobs`
--

DROP TABLE IF EXISTS `jobs`;
/*!40101 SET @saved_cs_client     = @@character_set_client */;
/*!50503 SET character_set_client = utf8mb4 */;
CREATE TABLE `jobs` (
  `id` bigint unsigned NOT NULL AUTO_INCREMENT,
  `queue` varchar(255) CHARACTER SET utf8mb4 COLLATE utf8mb4_unicode_ci NOT NULL,
  `payload` longtext CHARACTER SET utf8mb4 COLLATE utf8mb4_unicode_ci NOT NULL,
  `attempts` tinyint unsigned NOT NULL,
  `reserved_at` int unsigned DEFAULT NULL,
  `available_at` int unsigned NOT NULL,
  `created_at` int unsigned NOT NULL,
  PRIMARY KEY (`id`),
  KEY `jobs_queue_index` (`queue`)
) ENGINE=InnoDB AUTO_INCREMENT=103 DEFAULT CHARSET=utf8mb4 COLLATE=utf8mb4_unicode_ci;
/*!40101 SET character_set_client = @saved_cs_client */;

--
-- Dumping data for table `jobs`
--

LOCK TABLES `jobs` WRITE;
/*!40000 ALTER TABLE `jobs` DISABLE KEYS */;
INSERT INTO `jobs` VALUES (98,'default','{\"uuid\":\"0c0c8281-cff6-4430-9b1a-cc4128b724ac\",\"displayName\":\"App\\\\Notifications\\\\NewAuthorPost\",\"job\":\"Illuminate\\\\Queue\\\\CallQueuedHandler@call\",\"maxTries\":null,\"maxExceptions\":null,\"backoff\":\"\",\"timeout\":null,\"retryUntil\":null,\"data\":{\"commandName\":\"Illuminate\\\\Notifications\\\\SendQueuedNotifications\",\"command\":\"O:48:\\\"Illuminate\\\\Notifications\\\\SendQueuedNotifications\\\":14:{s:11:\\\"notifiables\\\";O:45:\\\"Illuminate\\\\Contracts\\\\Database\\\\ModelIdentifier\\\":4:{s:5:\\\"class\\\";s:15:\\\"App\\\\Models\\\\User\\\";s:2:\\\"id\\\";a:1:{i:0;i:1;}s:9:\\\"relations\\\";a:0:{}s:10:\\\"connection\\\";s:5:\\\"mysql\\\";}s:12:\\\"notification\\\";O:31:\\\"App\\\\Notifications\\\\NewAuthorPost\\\":11:{s:4:\\\"post\\\";O:45:\\\"Illuminate\\\\Contracts\\\\Database\\\\ModelIdentifier\\\":4:{s:5:\\\"class\\\";s:15:\\\"App\\\\Models\\\\Post\\\";s:2:\\\"id\\\";i:3;s:9:\\\"relations\\\";a:0:{}s:10:\\\"connection\\\";s:5:\\\"mysql\\\";}s:2:\\\"id\\\";s:36:\\\"65568ff6-5ba7-4f83-9abd-796e3c329f56\\\";s:6:\\\"locale\\\";N;s:10:\\\"connection\\\";N;s:5:\\\"queue\\\";N;s:15:\\\"chainConnection\\\";N;s:10:\\\"chainQueue\\\";N;s:19:\\\"chainCatchCallbacks\\\";N;s:5:\\\"delay\\\";N;s:10:\\\"middleware\\\";a:0:{}s:7:\\\"chained\\\";a:0:{}}s:8:\\\"channels\\\";a:1:{i:0;s:4:\\\"mail\\\";}s:5:\\\"tries\\\";N;s:7:\\\"timeout\\\";N;s:3:\\\"job\\\";N;s:10:\\\"connection\\\";N;s:5:\\\"queue\\\";N;s:15:\\\"chainConnection\\\";N;s:10:\\\"chainQueue\\\";N;s:19:\\\"chainCatchCallbacks\\\";N;s:5:\\\"delay\\\";N;s:10:\\\"middleware\\\";a:0:{}s:7:\\\"chained\\\";a:0:{}}\"}}',0,NULL,1647249868,1647249868),(99,'default','{\"uuid\":\"66592f4c-dff2-4fe8-8a0a-c52b5a2328a1\",\"displayName\":\"App\\\\Notifications\\\\NewAuthorPost\",\"job\":\"Illuminate\\\\Queue\\\\CallQueuedHandler@call\",\"maxTries\":null,\"maxExceptions\":null,\"backoff\":\"\",\"timeout\":null,\"retryUntil\":null,\"data\":{\"commandName\":\"Illuminate\\\\Notifications\\\\SendQueuedNotifications\",\"command\":\"O:48:\\\"Illuminate\\\\Notifications\\\\SendQueuedNotifications\\\":14:{s:11:\\\"notifiables\\\";O:45:\\\"Illuminate\\\\Contracts\\\\Database\\\\ModelIdentifier\\\":4:{s:5:\\\"class\\\";s:15:\\\"App\\\\Models\\\\User\\\";s:2:\\\"id\\\";a:1:{i:0;i:1;}s:9:\\\"relations\\\";a:0:{}s:10:\\\"connection\\\";s:5:\\\"mysql\\\";}s:12:\\\"notification\\\";O:31:\\\"App\\\\Notifications\\\\NewAuthorPost\\\":11:{s:4:\\\"post\\\";O:45:\\\"Illuminate\\\\Contracts\\\\Database\\\\ModelIdentifier\\\":4:{s:5:\\\"class\\\";s:15:\\\"App\\\\Models\\\\Post\\\";s:2:\\\"id\\\";i:4;s:9:\\\"relations\\\";a:0:{}s:10:\\\"connection\\\";s:5:\\\"mysql\\\";}s:2:\\\"id\\\";s:36:\\\"ccbdcdf4-f69b-4d4f-8e2e-503dad58afc8\\\";s:6:\\\"locale\\\";N;s:10:\\\"connection\\\";N;s:5:\\\"queue\\\";N;s:15:\\\"chainConnection\\\";N;s:10:\\\"chainQueue\\\";N;s:19:\\\"chainCatchCallbacks\\\";N;s:5:\\\"delay\\\";N;s:10:\\\"middleware\\\";a:0:{}s:7:\\\"chained\\\";a:0:{}}s:8:\\\"channels\\\";a:1:{i:0;s:4:\\\"mail\\\";}s:5:\\\"tries\\\";N;s:7:\\\"timeout\\\";N;s:3:\\\"job\\\";N;s:10:\\\"connection\\\";N;s:5:\\\"queue\\\";N;s:15:\\\"chainConnection\\\";N;s:10:\\\"chainQueue\\\";N;s:19:\\\"chainCatchCallbacks\\\";N;s:5:\\\"delay\\\";N;s:10:\\\"middleware\\\";a:0:{}s:7:\\\"chained\\\";a:0:{}}\"}}',0,NULL,1647252945,1647252945),(100,'default','{\"uuid\":\"ff938f54-0acd-44b6-9b93-367a2ced23ae\",\"displayName\":\"App\\\\Notifications\\\\NewAuthorPost\",\"job\":\"Illuminate\\\\Queue\\\\CallQueuedHandler@call\",\"maxTries\":null,\"maxExceptions\":null,\"backoff\":\"\",\"timeout\":null,\"retryUntil\":null,\"data\":{\"commandName\":\"Illuminate\\\\Notifications\\\\SendQueuedNotifications\",\"command\":\"O:48:\\\"Illuminate\\\\Notifications\\\\SendQueuedNotifications\\\":14:{s:11:\\\"notifiables\\\";O:45:\\\"Illuminate\\\\Contracts\\\\Database\\\\ModelIdentifier\\\":4:{s:5:\\\"class\\\";s:15:\\\"App\\\\Models\\\\User\\\";s:2:\\\"id\\\";a:1:{i:0;i:1;}s:9:\\\"relations\\\";a:0:{}s:10:\\\"connection\\\";s:5:\\\"mysql\\\";}s:12:\\\"notification\\\";O:31:\\\"App\\\\Notifications\\\\NewAuthorPost\\\":11:{s:4:\\\"post\\\";O:45:\\\"Illuminate\\\\Contracts\\\\Database\\\\ModelIdentifier\\\":4:{s:5:\\\"class\\\";s:15:\\\"App\\\\Models\\\\Post\\\";s:2:\\\"id\\\";i:5;s:9:\\\"relations\\\";a:0:{}s:10:\\\"connection\\\";s:5:\\\"mysql\\\";}s:2:\\\"id\\\";s:36:\\\"da768367-c857-41a9-9e9c-5661fd78325f\\\";s:6:\\\"locale\\\";N;s:10:\\\"connection\\\";N;s:5:\\\"queue\\\";N;s:15:\\\"chainConnection\\\";N;s:10:\\\"chainQueue\\\";N;s:19:\\\"chainCatchCallbacks\\\";N;s:5:\\\"delay\\\";N;s:10:\\\"middleware\\\";a:0:{}s:7:\\\"chained\\\";a:0:{}}s:8:\\\"channels\\\";a:1:{i:0;s:4:\\\"mail\\\";}s:5:\\\"tries\\\";N;s:7:\\\"timeout\\\";N;s:3:\\\"job\\\";N;s:10:\\\"connection\\\";N;s:5:\\\"queue\\\";N;s:15:\\\"chainConnection\\\";N;s:10:\\\"chainQueue\\\";N;s:19:\\\"chainCatchCallbacks\\\";N;s:5:\\\"delay\\\";N;s:10:\\\"middleware\\\";a:0:{}s:7:\\\"chained\\\";a:0:{}}\"}}',0,NULL,1647254841,1647254841),(101,'default','{\"uuid\":\"f69c60e6-8559-4cf1-9a54-02f910e65e28\",\"displayName\":\"App\\\\Notifications\\\\NewAuthorPost\",\"job\":\"Illuminate\\\\Queue\\\\CallQueuedHandler@call\",\"maxTries\":null,\"maxExceptions\":null,\"backoff\":\"\",\"timeout\":null,\"retryUntil\":null,\"data\":{\"commandName\":\"Illuminate\\\\Notifications\\\\SendQueuedNotifications\",\"command\":\"O:48:\\\"Illuminate\\\\Notifications\\\\SendQueuedNotifications\\\":14:{s:11:\\\"notifiables\\\";O:45:\\\"Illuminate\\\\Contracts\\\\Database\\\\ModelIdentifier\\\":4:{s:5:\\\"class\\\";s:15:\\\"App\\\\Models\\\\User\\\";s:2:\\\"id\\\";a:1:{i:0;i:1;}s:9:\\\"relations\\\";a:0:{}s:10:\\\"connection\\\";s:5:\\\"mysql\\\";}s:12:\\\"notification\\\";O:31:\\\"App\\\\Notifications\\\\NewAuthorPost\\\":11:{s:4:\\\"post\\\";O:45:\\\"Illuminate\\\\Contracts\\\\Database\\\\ModelIdentifier\\\":4:{s:5:\\\"class\\\";s:15:\\\"App\\\\Models\\\\Post\\\";s:2:\\\"id\\\";i:4;s:9:\\\"relations\\\";a:0:{}s:10:\\\"connection\\\";s:5:\\\"mysql\\\";}s:2:\\\"id\\\";s:36:\\\"f5efa68c-c21f-4a05-8d82-fbd1d49c5e59\\\";s:6:\\\"locale\\\";N;s:10:\\\"connection\\\";N;s:5:\\\"queue\\\";N;s:15:\\\"chainConnection\\\";N;s:10:\\\"chainQueue\\\";N;s:19:\\\"chainCatchCallbacks\\\";N;s:5:\\\"delay\\\";N;s:10:\\\"middleware\\\";a:0:{}s:7:\\\"chained\\\";a:0:{}}s:8:\\\"channels\\\";a:1:{i:0;s:4:\\\"mail\\\";}s:5:\\\"tries\\\";N;s:7:\\\"timeout\\\";N;s:3:\\\"job\\\";N;s:10:\\\"connection\\\";N;s:5:\\\"queue\\\";N;s:15:\\\"chainConnection\\\";N;s:10:\\\"chainQueue\\\";N;s:19:\\\"chainCatchCallbacks\\\";N;s:5:\\\"delay\\\";N;s:10:\\\"middleware\\\";a:0:{}s:7:\\\"chained\\\";a:0:{}}\"}}',0,NULL,1647368679,1647368679),(102,'default','{\"uuid\":\"8a6a12a2-15a0-4ce6-84ed-051da6461d40\",\"displayName\":\"App\\\\Notifications\\\\AuthorPostApproved\",\"job\":\"Illuminate\\\\Queue\\\\CallQueuedHandler@call\",\"maxTries\":null,\"maxExceptions\":null,\"backoff\":\"\",\"timeout\":null,\"retryUntil\":null,\"data\":{\"commandName\":\"Illuminate\\\\Notifications\\\\SendQueuedNotifications\",\"command\":\"O:48:\\\"Illuminate\\\\Notifications\\\\SendQueuedNotifications\\\":14:{s:11:\\\"notifiables\\\";O:45:\\\"Illuminate\\\\Contracts\\\\Database\\\\ModelIdentifier\\\":4:{s:5:\\\"class\\\";s:15:\\\"App\\\\Models\\\\User\\\";s:2:\\\"id\\\";a:1:{i:0;i:19;}s:9:\\\"relations\\\";a:0:{}s:10:\\\"connection\\\";s:5:\\\"mysql\\\";}s:12:\\\"notification\\\";O:36:\\\"App\\\\Notifications\\\\AuthorPostApproved\\\":11:{s:4:\\\"post\\\";O:45:\\\"Illuminate\\\\Contracts\\\\Database\\\\ModelIdentifier\\\":4:{s:5:\\\"class\\\";s:15:\\\"App\\\\Models\\\\Post\\\";s:2:\\\"id\\\";i:4;s:9:\\\"relations\\\";a:1:{i:0;s:4:\\\"user\\\";}s:10:\\\"connection\\\";s:5:\\\"mysql\\\";}s:2:\\\"id\\\";s:36:\\\"75183c16-1e71-4a22-91c5-d9160da95da6\\\";s:6:\\\"locale\\\";N;s:10:\\\"connection\\\";N;s:5:\\\"queue\\\";N;s:15:\\\"chainConnection\\\";N;s:10:\\\"chainQueue\\\";N;s:19:\\\"chainCatchCallbacks\\\";N;s:5:\\\"delay\\\";N;s:10:\\\"middleware\\\";a:0:{}s:7:\\\"chained\\\";a:0:{}}s:8:\\\"channels\\\";a:1:{i:0;s:4:\\\"mail\\\";}s:5:\\\"tries\\\";N;s:7:\\\"timeout\\\";N;s:3:\\\"job\\\";N;s:10:\\\"connection\\\";N;s:5:\\\"queue\\\";N;s:15:\\\"chainConnection\\\";N;s:10:\\\"chainQueue\\\";N;s:19:\\\"chainCatchCallbacks\\\";N;s:5:\\\"delay\\\";N;s:10:\\\"middleware\\\";a:0:{}s:7:\\\"chained\\\";a:0:{}}\"}}',0,NULL,1647368813,1647368813);
/*!40000 ALTER TABLE `jobs` ENABLE KEYS */;
UNLOCK TABLES;

--
-- Table structure for table `migrations`
--

DROP TABLE IF EXISTS `migrations`;
/*!40101 SET @saved_cs_client     = @@character_set_client */;
/*!50503 SET character_set_client = utf8mb4 */;
CREATE TABLE `migrations` (
  `id` int unsigned NOT NULL AUTO_INCREMENT,
  `migration` varchar(255) CHARACTER SET utf8mb4 COLLATE utf8mb4_unicode_ci NOT NULL,
  `batch` int NOT NULL,
  PRIMARY KEY (`id`)
) ENGINE=InnoDB AUTO_INCREMENT=39 DEFAULT CHARSET=utf8mb4 COLLATE=utf8mb4_unicode_ci;
/*!40101 SET character_set_client = @saved_cs_client */;

--
-- Dumping data for table `migrations`
--

LOCK TABLES `migrations` WRITE;
/*!40000 ALTER TABLE `migrations` DISABLE KEYS */;
INSERT INTO `migrations` VALUES (10,'2014_10_12_000000_create_users_table',1),(11,'2014_10_12_100000_create_password_resets_table',1),(12,'2019_08_19_000000_create_failed_jobs_table',1),(13,'2021_01_29_163326_create_roles_table',1),(14,'2021_01_30_155235_create_tags_table',1),(15,'2021_01_31_111259_create_categories_table',1),(16,'2021_01_31_171700_create_posts_table',1),(17,'2021_01_31_171955_create_category_post_table',1),(18,'2021_01_31_172030_create_post_tag_table',1),(19,'2021_02_02_082617_create_subscribers_table',2),(20,'2021_02_02_150640_create_jobs_table',3),(21,'2021_02_03_155612_create_post_user_table',4),(22,'2021_02_04_102211_create_comments_table',5),(23,'2021_02_09_080836_create_news_englishes_table',6),(24,'2021_02_10_054725_create_event_englishes_table',7),(25,'2021_02_10_122045_create_event_englishes_table',8),(26,'2021_02_15_103913_create_category_hindis_table',9),(28,'2021_03_17_072523_create_post_hindis_table',10),(30,'2021_03_17_074529_create_category_post_hindi_table',11),(31,'2021_03_18_065448_create_news_hindis_table',12),(32,'2021_03_18_081531_create_event_hindis_table',13),(33,'2021_03_19_084945_create_comment_hindis_table',14),(34,'2021_03_22_112232_create_awareness_englishes_table',15),(35,'2021_03_22_120416_create_awareness_hindis_table',16),(36,'2021_03_23_125114_create_galleries_table',17),(37,'2021_07_03_064740_create_downloads_table',18),(38,'2021_10_13_082208_create_milestones_table',19);
/*!40000 ALTER TABLE `migrations` ENABLE KEYS */;
UNLOCK TABLES;

--
-- Table structure for table `milestones`
--

DROP TABLE IF EXISTS `milestones`;
/*!40101 SET @saved_cs_client     = @@character_set_client */;
/*!50503 SET character_set_client = utf8mb4 */;
CREATE TABLE `milestones` (
  `id` bigint unsigned NOT NULL AUTO_INCREMENT,
  `title` varchar(255) CHARACTER SET utf8mb4 COLLATE utf8mb4_unicode_ci NOT NULL,
  `slug` varchar(255) CHARACTER SET utf8mb4 COLLATE utf8mb4_unicode_ci NOT NULL,
  `description` text CHARACTER SET utf8mb4 COLLATE utf8mb4_unicode_ci NOT NULL,
  `image` text CHARACTER SET utf8mb4 COLLATE utf8mb4_unicode_ci NOT NULL,
  `images` text CHARACTER SET utf8mb4 COLLATE utf8mb4_unicode_ci,
  `created_at` timestamp NULL DEFAULT NULL,
  `updated_at` timestamp NULL DEFAULT NULL,
  PRIMARY KEY (`id`),
  UNIQUE KEY `milestones_slug_unique` (`slug`)
) ENGINE=InnoDB AUTO_INCREMENT=11 DEFAULT CHARSET=utf8mb4 COLLATE=utf8mb4_unicode_ci;
/*!40101 SET character_set_client = @saved_cs_client */;

--
-- Dumping data for table `milestones`
--

LOCK TABLES `milestones` WRITE;
/*!40000 ALTER TABLE `milestones` DISABLE KEYS */;
INSERT INTO `milestones` VALUES (6,'Close to my Heart','close-to-my-heart','<p><span style=\"font-size:12.0pt\"><span style=\"font-family:&quot;Calibri&quot;,&quot;sans-serif&quot;\">&ldquo;Close to my Heart&rdquo; campaign signifies keeping wildlife close to one&rsquo;s heart. This campaign is serving the dual objective of spreading awareness about the Wildlife Heritage of Madhya Pradesh as well as appealing to common public to contribute for wildlife conservation through donation and develop sense of ownership towards them.</span></span></p>\r\n\r\n<p><span style=\"font-size:12.0pt\"><span style=\"font-family:&quot;Calibri&quot;,&quot;sans-serif&quot;\">The &ldquo;I Love Wildlife&rdquo; campaign is intended to involve individuals who wish to join hands for wildlife conservation and are willing to join for the cause. This campaign uses modern digital payment technique to receive contributions which are utilized for wildlife guard&rsquo;s welfare related activities and wildlife conservation in Madhya Pradesh.</span></span></p>','close-to-my-heart-2021-10-20-616ff9b99d5bf.webp','2021-10-20-616ffa7f5c1df.jpg,2021-10-20-616ffa806fbd5.png,2021-10-20-616ffa811b491.jpg','2021-10-20 03:24:27','2021-10-20 05:46:17'),(7,'Bagh Sakha','bagh-sakha','<p style=\"text-align:justify\"><span style=\"font-size:12.0pt\"><span style=\"font-family:&quot;Calibri&quot;,&quot;sans-serif&quot;\">MP Tiger Foundation Society organized a T-Shirt Painting Competition &ldquo;Bagh Sakha (Friends of Tiger)&rdquo; in two different phases across India with the aim of sensitizing common public about the wildlife conservation, issues related to it and encourage them to become active players in conservation of natural heritage.</span></span></p>\r\n\r\n<p style=\"text-align:justify\"><span style=\"font-size:12.0pt\"><span style=\"font-family:&quot;Calibri&quot;,&quot;sans-serif&quot;\">First phase was organized at more than 100 locations across India, in which&nbsp; participants from 50 cities of 19 states painted 4000 plus T-shirts which were then distributed amid school students of communities living in Tiger Reserves, National Parks &amp; Sanctuaries of Madhya Pradesh to create a sense of belonging between locals &amp; wildlife.</span></span></p>\r\n\r\n<p style=\"text-align:justify\"><span style=\"font-size:12.0pt\"><span style=\"font-family:&quot;Calibri&quot;,&quot;sans-serif&quot;\">Over 500 winners (1st prize, 2nd prize, 3rd prize &amp; consolation prizes) from the first phase were then invited to participate in the second phase. Second phase was organized between 10th September to 7th October, concluding during Wildlife Week 2021 celebration. The winning participants from first phase again painted t-shirts on themes related to only Indian wildlife including mammals, birds, reptiles, amphibians, insects etc.</span></span></p>\r\n\r\n<p style=\"text-align:justify\"><span style=\"font-size:12.0pt\"><span style=\"font-family:&quot;Calibri&quot;,&quot;sans-serif&quot;\">The 600 painted T-shirts from the 2nd phase were then used to raise donations for operations of Kanha-Bhoorsingh School and welfare of its students. This school is located near Kanha Tiger Reserve, Madhya Pradesh and offers subsidized or low-cost education for the community children</span></span><span style=\"font-size:11.0pt\"><span style=\"font-family:&quot;Calibri&quot;,&quot;sans-serif&quot;\">.</span></span></p>','bagh-sakha-2021-10-20-616fd9df7bcc4.webp','2021-10-20-616fd9dfae752.jpeg,2021-10-20-616fd9e01dddb.jpg,2021-10-20-616fd9e1bc755.jpeg,2021-10-20-616fd9e20ff06.jpg,2021-10-20-616fd9e3acd64.jpg','2021-10-20 03:27:09','2021-10-20 03:27:09'),(8,'World Pangolin Day','world-pangolin-day','<p>MP Tiger Foundation Society celebrated the World Pangolin Day on 16&nbsp;Feb 2019. The aim was to create awareness about Pangolin conservation issues among general public and make them understand the importance of this wonderful creation of nature.</p>\r\n\r\n<p>The campaign started with MPTFS mobilizing a team of volunteers who were briefed on how to create awareness through interaction with public, They were given a kit to carry out the activities. The kit consisted of:</p>\r\n\r\n<ul>\r\n	<li>Poster depicting information about Pangolins found across the globe along with their behavioural and physical traits.</li>\r\n	<li>Scale Shaped paper sheets stamped with &quot;Save our Pangolins&quot; pledge to be signed.</li>\r\n	<li>A sticker which was distributed to each signee tohelp spread the message further.</li>\r\n</ul>\r\n\r\n<p>Volunteers visited various schools, colleges, areas of the city where they conversed with people from different sections of society on Pangolin conservation issues, got the pledge signed and distributed the stickers to further spread themessage of conservation.</p>\r\n\r\n<p>On the morning of World Pangolin Day the huge Pangolin sculpture of 32 feet lenght by 7 feet high by 6 feet wide was revealed to general public. The beautiful structure drew attention of children and adults alike and a large number of people came to see the exhibition.</p>\r\n\r\n<p>The efforts of MPTFS of celebrating World Pangolin Day by creating awareness about Pangolin through the gigantic sculpture also helped in setting the record for making the &quot;Largest Pangolin Sculpture&quot; which was certified by India Book of Records on 4&quot; June 2019.</p>','world-pangolin-day-2021-10-20-616fdea853a74.webp','2021-10-20-616fdea9dc988.jpg,2021-10-20-616fdeb0b64bd.jpg,2021-10-20-616fdeb526b0d.png','2021-10-20 03:47:43','2021-10-20 03:47:43'),(9,'Bagh Banao Bagh Bachao','bagh-banao-bagh-bachao-2','<p style=\"text-align:justify\"><span style=\"font-size:11.0pt\"><span style=\"font-family:&quot;Calibri&quot;,&quot;sans-serif&quot;\">With the aim of creating awareness regarding the department&#39;s efforts towards Tiger Conservation with the help of Public Participation and its importance; a unique &quot;Bagh Banao Bagh Bachao&quot; campaign was started by MPTFS. The campaign was strategically executed with careful planning so as the unveiling of final artwork coincides with the &quot;International Tiger Day&quot; on 29th July 2019.</span></span></p>\r\n\r\n<p style=\"text-align:justify\"><span style=\"font-size:11.0pt\"><span style=\"font-family:&quot;Calibri&quot;,&quot;sans-serif&quot;\">In this campaign a 26 ft wide by 36 ft height huge Tiger Artwork was created and divided into 96 different pieces. These pieces were then distributed among various cities/towns which were then coloured with the help of more than 50,000 people thereby ensuring public participation and spreading the message of conservation. The gorgeous artwork was unveiled on 29th July 2019 and is displayed at International Airport, Indore.</span></span></p>','bagh-banao-bagh-bachao-2021-10-29-617be3e22b06d.webp','2021-10-29-617be3e310f08.png','2021-10-20 03:50:01','2021-10-29 06:36:59'),(10,'Covid 19 – Relief Campaign','covid-19-relief-campaign','<p style=\"text-align:justify\"><span style=\"font-size:12.0pt\"><span style=\"font-family:&quot;Calibri&quot;,&quot;sans-serif&quot;\">When Covid &ndash; 19 struck India and sudden lockdown came into effect MPTFS ran a campaign to provide relief, by distributing ration packets, to frontline staff of forest department, daily wagers, guides, drivers and communities living in or near the protected areas of Madhya Pradesh. The campaign helped beneficiaries to fight COVID-19 pandemic by solving problems related to accessing basic ration in the wake of lockdowns, to some extent. Highlights of the campaign-</span></span></p>\r\n\r\n<ul>\r\n	<li style=\"text-align:justify\"><strong><em><span style=\"font-size:12.0pt\"><span style=\"font-family:&quot;Calibri&quot;,&quot;sans-serif&quot;\">The society helped around 7350 individuals (frontline staff, daily wagers, families of communities, guides &amp; drivers) in PAs of Madhya Pradesh.</span></span></em></strong></li>\r\n	<li style=\"text-align:justify\"><strong><em><span style=\"font-size:12.0pt\"><span style=\"font-family:&quot;Calibri&quot;,&quot;sans-serif&quot;\">A total donation of around 72.5 lacs was raised from April to May 2020</span></span></em></strong></li>\r\n	<li style=\"text-align:justify\"><strong><em><span style=\"font-size:12.0pt\"><span style=\"font-family:&quot;Calibri&quot;,&quot;sans-serif&quot;\">More than 400 individuals/organizations contributed in the campaign.</span></span></em></strong></li>\r\n</ul>\r\n\r\n<p style=\"text-align:justify\"><span style=\"font-size:18px\"><strong><em><span style=\"font-family:&quot;Calibri&quot;,&quot;sans-serif&quot;\">Rationale of the campaign</span></em></strong></span></p>\r\n\r\n<p style=\"text-align:justify\"><span style=\"font-size:12.0pt\"><span style=\"font-family:&quot;Calibri&quot;,&quot;sans-serif&quot;\">When the novel coronavirus (COVID-19) spread across many countries worldwide and was declared as a pandemic,to stop its spread, Government of India declared several lockdowns. Though necessary it still affected all sections of the society as they faced problems related to essential services. The intensity of such problems was relatively higher for frontline staff of forest department, daily wagers, community living in or near Protected Areas (PAs) and guides and drivers (due to their dependency on tourism activities). Front-line staff lives in camps in remote locations inside forests and access their basic needs through local weekly markets in nearby village or town. Due to lockdowns, local markets were not available for their basic needs.</span></span></p>\r\n\r\n<p style=\"text-align:justify\"><span style=\"font-size:12.0pt\"><span style=\"font-family:&quot;Calibri&quot;,&quot;sans-serif&quot;\">It was essential that the PA&rsquo;s Management should be working on full staff capacity due to various reasons. Firstly, the risk of incidence of forest fires were high due to summer season. Secondly, wild animals were frequently straying in populated areas which could led to human-wildlife conflict. This was evident around the world amid lockdowns.Further, tourism sector faced maximum brunt due to the pandemic as Tiger reserves and wildlife sanctuaries of Madhya Pradesh are major wildlife tourism destinations in India. The pandemic has also affected the lives drivers, guides, daily wagers etc. due to lockdowns across the country and disruption in tourism activities. They also faced problems related to access to ration, grocery and medical facilities as they are in remote locations. </span></span></p>\r\n\r\n<p style=\"text-align:justify\"><strong><span style=\"font-size:13.0pt\"><span style=\"font-family:&quot;Calibri&quot;,&quot;sans-serif&quot;\">MPTFS started a Covid Relief Campaign and &nbsp;categorized it in two phases</span></span></strong><span style=\"font-size:13.0pt\"><span style=\"font-family:&quot;Calibri&quot;,&quot;sans-serif&quot;\">. In the first </span></span><span style=\"font-size:12.0pt\"><span style=\"font-family:&quot;Calibri&quot;,&quot;sans-serif&quot;\">phase, MPTFS addressed the need of access to ration for helping frontline staff and other needy ones by channelizing donation from willing donors towards the Department&rsquo;s Field Offices and Local resource persons such as grocery suppliers. MPTFS played the role of an enabler to bridge the gap between the needy ones and the donors<em>.</em></span></span></p>\r\n\r\n<p style=\"text-align:justify\"><span style=\"font-size:12.0pt\"><span style=\"font-family:&quot;Calibri&quot;,&quot;sans-serif&quot;\">In the second phase, MPTFS is addressed the issue of income losses faced by guides and drivers working in tiger reserves/national parks of Madhya Pradesh by raising funds through donations to provide employment to guides and drivers. Under this, park management took up infrastructural works for creating wages-based work opportunities for drivers and guides. This helped guides and drivers in earning livelihood and at the same time create permanent assets for better management.</span></span></p>\r\n\r\n<p style=\"text-align:justify\"><span style=\"font-size:12.0pt\"><span style=\"font-family:&quot;Calibri&quot;,&quot;sans-serif&quot;\">In our crusade, we received support from our partner organization, NGOs and individuals. We highly appreciate their contribution towards wildlife conservation in Madhya Pradesh. Their contribution has supported our front-line staff and many families to fight the pandemic. We are grateful for their contribution.</span></span></p>','covid-19-relief-campaign-2021-10-20-616ffd55b4c88.webp','2021-10-20-616ffd55dfba2.jpg,2021-10-20-616ffd5656a84.jpg,2021-10-20-616ffd56b37e8.jpeg,2021-10-20-616ffd570cb5f.jpeg,2021-10-20-616ffd5746061.jpeg,2021-10-20-616ffd57953e3.jpeg,2021-10-20-616ffd57d594e.jpeg,2021-10-20-616ffd581d04e.jpeg,2021-10-20-616ffd5852034.jpeg','2021-10-20 05:58:24','2021-10-20 05:58:24');
/*!40000 ALTER TABLE `milestones` ENABLE KEYS */;
UNLOCK TABLES;

--
-- Table structure for table `news`
--

DROP TABLE IF EXISTS `news`;
/*!40101 SET @saved_cs_client     = @@character_set_client */;
/*!50503 SET character_set_client = utf8mb4 */;
CREATE TABLE `news` (
  `id` bigint unsigned NOT NULL AUTO_INCREMENT,
  `title` varchar(255) CHARACTER SET utf8mb4 COLLATE utf8mb4_unicode_ci NOT NULL,
  `slug` varchar(255) CHARACTER SET utf8mb4 COLLATE utf8mb4_unicode_ci NOT NULL,
  `discription` text CHARACTER SET utf8mb4 COLLATE utf8mb4_unicode_ci NOT NULL,
  `image` varchar(255) CHARACTER SET utf8mb4 COLLATE utf8mb4_unicode_ci NOT NULL,
  `m_image` varchar(255) CHARACTER SET utf8mb4 COLLATE utf8mb4_unicode_ci DEFAULT NULL,
  `created_at` timestamp NULL DEFAULT NULL,
  `updated_at` timestamp NULL DEFAULT NULL,
  PRIMARY KEY (`id`),
  UNIQUE KEY `slug` (`slug`)
) ENGINE=InnoDB AUTO_INCREMENT=33 DEFAULT CHARSET=utf8mb4 COLLATE=utf8mb4_unicode_ci;
/*!40101 SET character_set_client = @saved_cs_client */;

--
-- Dumping data for table `news`
--

LOCK TABLES `news` WRITE;
/*!40000 ALTER TABLE `news` DISABLE KEYS */;
INSERT INTO `news` VALUES (32,'Bagh Sakha','bagh-sakha','<p><span style=\"font-size:20px\"><strong>बाघ सखा प्रतियोगिता में रजिस्ट्रेशन करने की प्रक्रिया</strong></span></p>\r\n\r\n<p>यह बाघ सखा कार्यक्रम में भाग लेने के लिए रजिस्ट्रेशन की लिंक है</p>\r\n\r\n<ul>\r\n	<li><a href=\"https://www.bit.ly/baghsakha\" target=\"_blank\">https://www.bit.ly/baghsakha</a></li>\r\n</ul>\r\n\r\n<p>वे प्रतिभागी जो इस गतिविधि / टी-शर्ट पेंटिंग प्रतियोगिता में भाग लेना चाहते हैं उन्हें इस लिंक पर क्लिक करने की आवश्यकता है। क्लिक करने के बाद इक पेज ओपन हो जायेगा जो अगले फोटो में है</p>\r\n\r\n<p>प्रतिभागी को इस फॉर्म में , नीचे दिए हुए तरीके से एंट्री करनी पड़ेगी:</p>\r\n\r\n<p style=\"margin-left:40px\">Step 1) Name कॉलम / ड्राप डाउन में अपना पूरा नाम भर दें&nbsp;</p>\r\n\r\n<p style=\"margin-left:40px\">Step 2) E-mail कॉलम / ड्राप डाउन में ईमेल आई डी भर दें |&nbsp;<br />\r\nध्यान दें की इ मेल एकदम सही भरा गया है क्यूंकि इसी मेल पर आपके रजिस्ट्रेशन होने का मेल आएगा&nbsp;</p>\r\n\r\n<p style=\"margin-left:40px\">Step 3) Address कॉलम / ड्राप डाउन में एड्रेस भर दें&nbsp;</p>\r\n\r\n<p style=\"margin-left:40px\">Step 4) Phone कॉलम / ड्राप डाउन में फ़ोन नंबर (मोबाइल हो तो ज्यादा अच्छा) भरें</p>\r\n\r\n<p style=\"margin-left:40px\">Step 5) &nbsp;जहाँ यह प्रशन पुछा गया है &ldquo;Are you a student studying in Class 8th to Class 12th (for session Apr 2021 - Mar 2022) ?&rdquo; , तो उस कॉलम में अगर आप कक्षा 8 वीं से 12 वीं के छात्र/ छात्रा हैं तो &ldquo;हाँ&rdquo; भरें अन्यथा &ldquo;ना&rdquo; भर दें &nbsp;</p>\r\n\r\n<p style=\"margin-left:40px\">Step 6) City वाले कॉलम / ड्राप डाउन में &quot;Kota&quot; का चयन करें&nbsp;</p>\r\n\r\n<p style=\"margin-left:40px\">Step 7) Place वाले कॉलम/ड्राप डाउन में &quot; Shubh Atlantis &quot; का चयन करें&nbsp;</p>\r\n\r\n<p style=\"margin-left:40px\">Step 8) Date वाले कॉलम / ड्राप डाउन में &quot;13-06-2021&quot; का चयन करें, उसके बाद&nbsp;</p>\r\n\r\n<p style=\"margin-left:40px\">Step 9) Slot वाले कॉलम / ड्राप डाउन में &quot;Day 1&rdquo; Slot का चयन करें</p>\r\n\r\n<ul>\r\n	<li>फिलहाल हमारे सिस्टम में edit करने का आप्शन नहीं है इसीलिए अपनी सभी details एक बार में सही सही भरें और सबमिट करने से पहले फिर से चेक कर लें&nbsp;</li>\r\n	<li>केवल एक ही बार सबमिट करें , आपको &ldquo;details submitted successfully&rdquo; का मेसेज वही स्क्रीन पे ही दिख जायेगा और आपके द्वारा दिए गए मेल पे एक रजिस्ट्रेशन कन्फर्मेशन मेल भी आएगा &nbsp;(रजिस्ट्रेशन का ईमेल नहीं मिलने पे चिंता न करें और दुबारा रजिस्ट्रेशन करने से पूर्व हमें बता दें , हम server से चेक करके कन्फर्म कर देंगे की आपका रजिस्ट्रेशन हुआ है या नहीं)</li>\r\n	<li>किसी भी confusion को स्थिति में हमें संपर्क करें</li>\r\n</ul>','bagh-sakha-2021-06-24-60d44099803de.jpeg','2021-10-01-615705c4a96de.jpg,2021-10-01-615705c638270.jpg,2021-10-01-615705c65bd13.png,2021-10-01-615705c6b0a96.png,2021-10-01-615705c7148ac.png','2021-06-24 02:51:46','2021-10-01 07:27:43');
/*!40000 ALTER TABLE `news` ENABLE KEYS */;
UNLOCK TABLES;

--
-- Table structure for table `password_resets`
--

DROP TABLE IF EXISTS `password_resets`;
/*!40101 SET @saved_cs_client     = @@character_set_client */;
/*!50503 SET character_set_client = utf8mb4 */;
CREATE TABLE `password_resets` (
  `email` varchar(255) CHARACTER SET utf8mb4 COLLATE utf8mb4_unicode_ci NOT NULL,
  `token` varchar(255) CHARACTER SET utf8mb4 COLLATE utf8mb4_unicode_ci NOT NULL,
  `created_at` timestamp NULL DEFAULT NULL,
  KEY `password_resets_email_index` (`email`)
) ENGINE=InnoDB DEFAULT CHARSET=utf8mb4 COLLATE=utf8mb4_unicode_ci;
/*!40101 SET character_set_client = @saved_cs_client */;

--
-- Dumping data for table `password_resets`
--

LOCK TABLES `password_resets` WRITE;
/*!40000 ALTER TABLE `password_resets` DISABLE KEYS */;
/*!40000 ALTER TABLE `password_resets` ENABLE KEYS */;
UNLOCK TABLES;

--
-- Table structure for table `post_images`
--

DROP TABLE IF EXISTS `post_images`;
/*!40101 SET @saved_cs_client     = @@character_set_client */;
/*!50503 SET character_set_client = utf8mb4 */;
CREATE TABLE `post_images` (
  `id` bigint unsigned NOT NULL AUTO_INCREMENT,
  `post_id` bigint unsigned NOT NULL,
  `image` varchar(255) CHARACTER SET utf8mb4 COLLATE utf8mb4_unicode_ci NOT NULL,
  `created_at` timestamp NULL DEFAULT NULL,
  `updated_at` timestamp NULL DEFAULT NULL,
  PRIMARY KEY (`id`),
  KEY `post_images_post_id_foreign_idx` (`post_id`),
  CONSTRAINT `post_images_post_id_foreign` FOREIGN KEY (`post_id`) REFERENCES `posts` (`id`) ON DELETE CASCADE
) ENGINE=InnoDB AUTO_INCREMENT=13 DEFAULT CHARSET=utf8mb4 COLLATE=utf8mb4_unicode_ci;
/*!40101 SET character_set_client = @saved_cs_client */;

--
-- Dumping data for table `post_images`
--

LOCK TABLES `post_images` WRITE;
/*!40000 ALTER TABLE `post_images` DISABLE KEYS */;
INSERT INTO `post_images` VALUES (12,4,'1647368679ShubhamPurohit2.png','2022-03-15 18:24:39','2022-03-15 18:24:39');
/*!40000 ALTER TABLE `post_images` ENABLE KEYS */;
UNLOCK TABLES;

--
-- Table structure for table `posts`
--

DROP TABLE IF EXISTS `posts`;
/*!40101 SET @saved_cs_client     = @@character_set_client */;
/*!50503 SET character_set_client = utf8mb4 */;
CREATE TABLE `posts` (
  `id` bigint unsigned NOT NULL AUTO_INCREMENT,
  `user_id` bigint unsigned NOT NULL,
  `title` varchar(255) CHARACTER SET utf8mb4 COLLATE utf8mb4_unicode_ci NOT NULL,
  `slug` varchar(255) CHARACTER SET utf8mb4 COLLATE utf8mb4_unicode_ci NOT NULL,
  `image` varchar(255) CHARACTER SET utf8mb4 COLLATE utf8mb4_unicode_ci NOT NULL DEFAULT 'default.png',
  `body` text CHARACTER SET utf8mb4 COLLATE utf8mb4_unicode_ci NOT NULL,
  `view_count` int NOT NULL DEFAULT '0',
  `status` tinyint(1) NOT NULL DEFAULT '0',
  `is_approved` tinyint(1) NOT NULL DEFAULT '0',
  `created_at` timestamp NULL DEFAULT NULL,
  `updated_at` timestamp NULL DEFAULT NULL,
  PRIMARY KEY (`id`),
  UNIQUE KEY `posts_slug_unique` (`slug`),
  KEY `posts_user_id_foreign` (`user_id`),
  CONSTRAINT `posts_user_id_foreign` FOREIGN KEY (`user_id`) REFERENCES `users` (`id`) ON DELETE CASCADE
) ENGINE=InnoDB AUTO_INCREMENT=5 DEFAULT CHARSET=utf8mb4 COLLATE=utf8mb4_unicode_ci;
/*!40101 SET character_set_client = @saved_cs_client */;

--
-- Dumping data for table `posts`
--

LOCK TABLES `posts` WRITE;
/*!40000 ALTER TABLE `posts` DISABLE KEYS */;
INSERT INTO `posts` VALUES (1,1,'How it helps humans when we save Tigers?','how-it-helps-humans-when-we-save-tigers-2','how-it-helps-humans-when-we-save-tigers-2021-10-30-617cf5675f780.jpeg','<p style=\"text-align:justify\">Tigers are one of the world&rsquo;s most famed animal. Tigers can be traced way back into history of many cultures through out Asia as well as in other parts of the world they can be seen as one of the most prominent parts of logos and brand images. Thus it won&rsquo;t be an exaggeration to say they Tigers are omnipresent be it the History or the modern human culture. The fascination for Tigers in human is deeply ingrained since time immemorial . It is worshipped as a deity at various places ranging from snowy Russia to Jungle of South East Asia. However it is widely believed that in reality their actual existence in the wild in the current scenarios has been reduced to only parts of their historical range. Wild Tigers are now found in just 10 countries across the world and their historical range is believed to have shrunk well above 90% of its original in just one century.</p>\r\n\r\n<p style=\"text-align:justify\">It is obvious that many might question the need to put in so much of money and resources to save Tigers who have already lost about 90~95 % of their territory. The huge devastation seems to make the importance of saving Tigers a low priority. Here are few reasons why saving Tigers now is very important than ever before.</p>\r\n\r\n<p style=\"text-align:justify\">Tiger = Jungles = Water</p>\r\n\r\n<p style=\"text-align:justify\">Tiger habitats in India are very important for their role as watersheds. Lot of rivers originate from these habitats as well as these habitats help in maintaining supply of water to perennial rivers. Thus while protecting these forests we also protect our source of water and in addition these forests can help the humans in evading the impacts of climate change. Protected Areas of India are well known for their biodiversity and their protections ultimately leads to conservations of each and every species living in those forests. &nbsp;In India there are 51 Tiger Reserves (source : <a href=\"https://ntca.gov.in/tiger-reserves/#tiger-reserves-2\">https://ntca.gov.in/tiger-reserves/#tiger-reserves-2</a> &ndash; List of Tiger Reserves) currently and all these reserves are also home to numerous other species of flora and fauna both in addition to the iconic cat.</p>\r\n\r\n<p style=\"text-align:justify\">For example it is estimated that more than 30% of Asian elephant populations live within tiger landscapes which implies that protecting these habitats helps in conservation of elephants, too. The forests where tigers thrive, we can see numerous diverse plants and animals thriving too. When we save wild tigers, we can help save many other species.</p>\r\n\r\n<p style=\"text-align:justify\">Tiger which plays a critical role in the health and diversity of an ecosystem. It is a top predator which is at the apex of the food chain and keeps the population of wild ungulates in check, thereby maintaining the balance between prey herbivores and the vegetation upon which they feed. Therefore, the thriving population of tigers in the forest is an indicator of the well being of the entire ecosystem. The extinction of this big cat indicates that the ecosystem is not sufficiently protected, and neither would it exist for long thereafter. It is widely believed that if the Tiger go extinct from an eco-system then the probability of that entire eco-system collapsing will be very high. Thus it&rsquo;s not just about saving this truly amazing animal. It is also about making sure that the earth remains inhabitable for humans as protecting Tigers means protecting the forests which are known to provide ecological services like clean air, water, pollination, medicinal plants, temperature regulation etc ultimately beneficial for humans. Protecting forest landscapes for tigers will help save the last remaining forests critical for the survival of wildlife and people, and regulating global climate.</p>\r\n\r\n<p style=\"text-align:justify\">In addition to benefits to humas which come from the ecological services provided by the forests which we conserve in order to save these magnificent cats, theTiger also directly affects the local economy in the form of tourism. Tiger are major wildlife attractions and lot of tourists flock to various areas just to catch a glimpse of them, which in-turn provide incomes for local communities.</p>\r\n\r\n<p>Thus its quite obvious that we as humans are greatly benefitted when we save Tigers and their aesthetic, ethical and cultural value have proved to be critical factors for our society. These factors are largely responsible for the success of tiger conservation in India. Tigers are a global phenomenon, an vital force of nature and we all have to make their conservation successful, otherwise they will only be known in zoos or in cultural media. A world without tigers would be economically and spiritually a much poorer place.</p>',31,1,1,'2021-10-30 02:04:03','2022-04-12 05:27:06'),(4,19,'Ratapani - A Journey into pristine woods','ratapani-a-journey-into-pristine-woods','ratapani-a-journey-into-pristine-woods-2022-03-15-6230d9e759489.png','<p>The forests of Aravalli and Satpura hill ranges have already been traversed but the opportunity of exploring the hills of Vindhyachal and the lush Teak forests was going to be attained in this new place of the tigers in Ratapani Sanctuary.</p>\r\n\r\n<p>As a part of the survey for these hidden jewels of nature in such pristine forests that are nestled in the arms of Vindhya. The journey was commenced from the capital city of Bhopal towards the untrodden stretch of woods. While walking into the deep forests everything felt so mesmerizing, the gentle touch of the breeze on the skin and the scent of woods was enough to blow the senses. The picturesque views and lush montage of trees was a vision to behold and an experience to cherish for a lifetime. This surreal adventure bewitched everyone and we couldn&rsquo;t realize that we had been walking from two straight hours such was the luminosity of these dense Teak trees that it illuminated our hearts and we were so full of joy. In the waning light of evening, we reached the camp that was anchored in the center of the forest where everyone shared their part of experiences that they perceived throughout the day.</p>\r\n\r\n<p>&nbsp;The next morning, through the survey of butterflies, our steps lay in the forest to survey the balance of nature and the invisible thread of life&#39;s intertwined fabric. We were walking along the hills with tall Teak trees lined up on the one side, on the other hand small streams of crystal-clear water flowing with a sweet melodic tone was enough to reduce and beat the fatigue.&nbsp;</p>\r\n\r\n<p>The gusts of the wind blowing across the tall grass left them shivering. The footsteps of the forest king were imprinted in the middle of the path and the chirping of birds coming from the distant valley was adding an enthusiastic fervor. Moving forward we feasted our eyes on the butterflies of different colors fluttering all around. The aesthetic beauty of the forest was even more charming from the watchtower view and was soothing to the eyes.&nbsp;<br />\r\nWitnessing the movement of birds in the waterlogged area and the Chital and Nilgai sniffing water along the banks was altogether an astonishing experience. The feeling of being present and experiencing such sights in the dense forests of central India was providing an immense joy and exuberance.</p>\r\n\r\n<p>We also got the opportunity to visit the Fort of Ginnorgarh , a historical heritage site resonating with the tales of Queen Kamalapati situated in the heart of Ratapani. The expedition further led us to the archeological sites of Bhima Baithka.<br />\r\nIn this way we spent two days in the spellbinding beauty of nature which will remain forever in our hearts. The phrase of the state anthem best describes its mesmerizing beauty and the ultimate treasures found in the Madhya Pradesh;&nbsp;</p>\r\n\r\n<p>&quot;उर्वर भूमि , सघन वन , रत्न सम्पदा यहां अशेष है&quot;</p>\r\n\r\n<p>&nbsp;After witnessing the bounteous treasures of these forests our souls were rejuvenated and these forests sent us back with cherishable and precious memories.&nbsp;</p>\r\n\r\n<p>This mind-blowing journey gave an opportunity to understand the insignificance of man in front of the vastness of nature and made us ponder over the emptiness of urban life that is deprived of such bounteous gifts of forests. The time spent in the bosom of nature and the untold stories of exploration in&nbsp;<br />\r\nthe kingdom of Vanraj left an imperishable impact on the mind, the journey into this untarnished and pristine forest and its experiences will always be cherished.</p>\r\n\r\n<p><br />\r\nPhoto - story - Shubham Purohit</p>',22,1,1,'2022-03-15 18:24:39','2022-04-12 05:23:43');
/*!40000 ALTER TABLE `posts` ENABLE KEYS */;
UNLOCK TABLES;

--
-- Table structure for table `roles`
--

DROP TABLE IF EXISTS `roles`;
/*!40101 SET @saved_cs_client     = @@character_set_client */;
/*!50503 SET character_set_client = utf8mb4 */;
CREATE TABLE `roles` (
  `id` bigint unsigned NOT NULL AUTO_INCREMENT,
  `name` varchar(255) CHARACTER SET utf8mb4 COLLATE utf8mb4_unicode_ci NOT NULL,
  `slug` varchar(255) CHARACTER SET utf8mb4 COLLATE utf8mb4_unicode_ci NOT NULL,
  `created_at` timestamp NULL DEFAULT NULL,
  `updated_at` timestamp NULL DEFAULT NULL,
  PRIMARY KEY (`id`)
) ENGINE=InnoDB AUTO_INCREMENT=4 DEFAULT CHARSET=utf8mb4 COLLATE=utf8mb4_unicode_ci;
/*!40101 SET character_set_client = @saved_cs_client */;

--
-- Dumping data for table `roles`
--

LOCK TABLES `roles` WRITE;
/*!40000 ALTER TABLE `roles` DISABLE KEYS */;
INSERT INTO `roles` VALUES (1,'Admin','admin',NULL,NULL),(2,'Author','author',NULL,NULL),(3,'User','user',NULL,NULL);
/*!40000 ALTER TABLE `roles` ENABLE KEYS */;
UNLOCK TABLES;

--
-- Table structure for table `users`
--

DROP TABLE IF EXISTS `users`;
/*!40101 SET @saved_cs_client     = @@character_set_client */;
/*!50503 SET character_set_client = utf8mb4 */;
CREATE TABLE `users` (
  `id` bigint unsigned NOT NULL AUTO_INCREMENT,
  `role_id` int NOT NULL DEFAULT '2',
  `name` varchar(255) CHARACTER SET utf8mb4 COLLATE utf8mb4_unicode_ci NOT NULL,
  `username` varchar(255) CHARACTER SET utf8mb4 COLLATE utf8mb4_unicode_ci DEFAULT NULL,
  `profession` varchar(255) CHARACTER SET utf8mb4 COLLATE utf8mb4_unicode_ci DEFAULT NULL,
  `email` varchar(255) CHARACTER SET utf8mb4 COLLATE utf8mb4_unicode_ci NOT NULL,
  `email_verified_at` timestamp NULL DEFAULT NULL,
  `password` varchar(255) CHARACTER SET utf8mb4 COLLATE utf8mb4_unicode_ci NOT NULL,
  `status` tinyint(1) NOT NULL DEFAULT '1',
  `image` varchar(255) CHARACTER SET utf8mb4 COLLATE utf8mb4_unicode_ci DEFAULT NULL,
  `about` text CHARACTER SET utf8mb4 COLLATE utf8mb4_unicode_ci,
  `remember_token` varchar(100) CHARACTER SET utf8mb4 COLLATE utf8mb4_unicode_ci DEFAULT NULL,
  `created_at` timestamp NULL DEFAULT NULL,
  `updated_at` timestamp NULL DEFAULT NULL,
  PRIMARY KEY (`id`),
  UNIQUE KEY `users_email_unique` (`email`)
) ENGINE=InnoDB AUTO_INCREMENT=20 DEFAULT CHARSET=utf8mb4 COLLATE=utf8mb4_unicode_ci;
/*!40101 SET character_set_client = @saved_cs_client */;

--
-- Dumping data for table `users`
--

LOCK TABLES `users` WRITE;
/*!40000 ALTER TABLE `users` DISABLE KEYS */;
INSERT INTO `users` VALUES (1,1,'Super User',NULL,'Full Stack Developer','vaibhavblueocean@gmail.com',NULL,'$2y$10$CJnheN87Us8FLJjUkNaCV.ySLhdJ47xGlBGaRhcOu5BEqwgkDeo72',1,NULL,'I am web developer and web designer.','R4kexg7RpQYvvKUHqSOuXBzq3EcAe0wnqPPUUB9E3sH8RjEKWw0CLKIvySj8','2021-01-31 12:35:58','2022-03-09 02:24:05'),(3,2,'Author',NULL,'Web Developer','author@gmail.com',NULL,'$2y$10$Naeahx1EyZgR60E1jDiRqeLKgXWAueVXOR10JCxg1C9HrRG7sosZ.',0,NULL,NULL,'4DzkEChrdU56e6rIBFMabevApTjOYtw4YJf2i3toFxB1mBLclMjOFppPamE8','2021-02-05 10:31:21','2022-03-09 02:13:46'),(12,3,'Administrator',NULL,'Web Designer','admin@gmail.com',NULL,'$2y$10$vj58KHAbLmb9pNzjyX/NT.d4Cr/aP6KYdiHkEQ9kBarPuqgMGIhfa',0,'',NULL,'DTd0XPyTuZLjkq392h9x9LR2NMegJPZq49JhBYXSEE3BSUe3GoVoOFuoNuCZ','2021-02-08 02:43:09','2021-07-19 00:33:45'),(18,2,'Sankalp Kishnani',NULL,NULL,'sankalp.kishnani@gmail.com',NULL,'$2y$10$JmAHj8Rw3xTEy/ya4mIW4ecVGlrhLfH.BbG056ER2zBvEUAyQtdUy',0,NULL,'',NULL,'2021-10-30 01:52:41','2021-10-30 01:55:27'),(19,2,'Shubham Purohit',NULL,NULL,'purohitshubh111@gmail.com',NULL,'$2y$10$wja3kFgRUcWnmA5SakZ7l.SdJKfnPCQsKB7/7Yw.qrab04MpDSZIK',0,NULL,NULL,NULL,'2022-03-15 17:53:20','2022-03-15 17:54:47');
/*!40000 ALTER TABLE `users` ENABLE KEYS */;
UNLOCK TABLES;
/*!40103 SET TIME_ZONE=@OLD_TIME_ZONE */;

/*!40101 SET SQL_MODE=@OLD_SQL_MODE */;
/*!40014 SET FOREIGN_KEY_CHECKS=@OLD_FOREIGN_KEY_CHECKS */;
/*!40014 SET UNIQUE_CHECKS=@OLD_UNIQUE_CHECKS */;
/*!40101 SET CHARACTER_SET_CLIENT=@OLD_CHARACTER_SET_CLIENT */;
/*!40101 SET CHARACTER_SET_RESULTS=@OLD_CHARACTER_SET_RESULTS */;
/*!40101 SET COLLATION_CONNECTION=@OLD_COLLATION_CONNECTION */;
/*!40111 SET SQL_NOTES=@OLD_SQL_NOTES */;

-- Dump completed on 2022-04-12 17:33:07
